,300144,300429,300493,300589,300601,300704,301100,301105,301194,301332,301555,301636,301637,303099,303265,303487,303620,303776,303858,303899,304073,304137,304217,304450,305021,305781,306012,306063,306152,306489,306623,306691,306768,307693,307800,308206,308269,308325,308581,308991,309042,309284,309553,309569,309722,309843,310179,310199,310442,310527
300144,0.0,0.2924207910774248,0.3456588662310339,0.3042669052602643,0.527119573106567,0.5568479214558162,0.23367083015988296,0.04095228230991508,0.35758450410542886,0.3403751006389505,0.6297370156735218,0.41233173645033516,0.225431389496753,0.16371125158215127,0.4255023097548925,0.34478742346258234,0.2591642366878757,0.4078711000112991,0.4052628444526389,0.20952950516994334,0.3895058520329554,0.460384736755055,0.2372992259450348,0.6323961203560299,0.04076473765602226,0.45602931660720825,0.3540728980349999,0.6026666741191307,0.47650908284049526,0.48237953498575725,0.31688734959432197,0.47168441442073517,0.25250865086884666,0.424587061983329,0.06772722354827877,0.2070678525055614,0.424065166396141,0.14059613752652952,0.6122016217457749,0.31167083534345136,0.3795890444235028,0.4719382978533125,0.2557958013339407,0.3773213596491669,0.24635199365635413,0.037192345190775314,0.5757117061519967,0.4832347750444213,0.29868277418284644,0.38568095466544133
300429,0.2924207910774248,0.0,0.2987387810273549,0.17724301299050904,0.6889092560308376,0.7238346244894613,0.4633601609477837,0.30586995167343206,0.203730057893278,0.18344405637711042,0.7680284504420907,0.23553413456435918,0.3971675067706635,0.2556143025260888,0.3490130135091201,0.0966129344794371,0.2827196489890131,0.27811855482053344,0.22958017939375955,0.16386148062957026,0.45112076746495655,0.6134005492508873,0.09766345626960575,0.7622991499716038,0.25408638027406,0.2861958936538672,0.3015139916135679,0.7320461325926071,0.2804124712808525,0.31175172301169035,0.43076890463703865,0.3218704053051795,0.10320264305159633,0.2653055431021576,0.2577559537920915,0.12986986437383966,0.3819914077151538,0.3562614438525663,0.7642030897845328,0.3569129138404295,0.32478607112416674,0.6173250174619078,0.48568552281440674,0.13318402300153856,0.4570461598654378,0.2808676047141192,0.7162720726917267,0.32111993095391494,0.0410950799421624,0.2880374684639186
300493,0.3456588662310339,0.2987387810273549,0.0,0.4587375053323575,0.8667502589054551,0.8980507983367398,0.5792571495117006,0.38450405458067494,0.4964823794443453,0.4751342625442778,0.9645201918423764,0.15363798380305244,0.5575544633147358,0.4419799083086338,0.07995837815240664,0.23830381970135878,0.09243941323316873,0.570371536977461,0.5272746225538886,0.3987011871955758,0.6831641881172865,0.7964169409361637,0.21350435025098116,0.964566107185401,0.31387159998422137,0.5844987938227731,0.5720408502557107,0.9341620581455053,0.20356901397797753,0.18073641349464922,0.6318687459418725,0.15521123526231786,0.3725259373657349,0.13786234429449298,0.3726152521070628,0.3641884457562317,0.6550887653996951,0.48038978951391503,0.9505862737490861,0.10430959507882083,0.5982921707778556,0.8059255874887181,0.6014522496813889,0.2331387793162566,0.590183761234385,0.3095874177417128,0.9103265935278971,0.17360614713921133,0.26148377194209427,0.5726851594871551
300589,0.3042669052602643,0.17724301299050904,0.4587375053323575,0.0,0.5444578182374479,0.5799906332074733,0.3790608366965733,0.29345409030991776,0.0533360029228275,0.03764117229794633,0.6116401007984323,0.4127461951258197,0.2917473373679689,0.17303013542205853,0.5184062859207567,0.2725781057298413,0.4191633108241513,0.11599176476281278,0.10109358675680055,0.09491253777102905,0.2874789675111679,0.46949042915318234,0.24529288555293735,0.6033739151167051,0.28160121121508175,0.15302834009111252,0.12495857888522223,0.5738818600164511,0.4563233491535702,0.4889013451925359,0.2889509976094844,0.4989155598602664,0.08631766150473107,0.44221431268008204,0.24115993664177685,0.1095279643170286,0.20475108039442455,0.29012513632155773,0.6127872835208775,0.49463168668725344,0.14757327006531146,0.47004076090045455,0.3978872215351557,0.3072540061182138,0.3613950829938807,0.31465929838501144,0.5624157183117288,0.49836190499198213,0.21794678781695992,0.11404511243418466
300601,0.527119573106567,0.6889092560308376,0.8667502589054551,0.5444578182374479,0.0,0.03554191622163323,0.30237892034886854,0.4863888844586092,0.5632035074289344,0.5678989482754414,0.11070705203777437,0.8968652180521552,0.30990427116669467,0.4415257513526548,0.9451766818963906,0.7807474554922462,0.784783356991096,0.533226012040462,0.5905910554909996,0.5250887822514105,0.2697099592507523,0.07560394904978272,0.7005493297586263,0.12219591927595681,0.5540098032817913,0.5919487872395268,0.44439713341871695,0.10107808408723745,0.9548190607805327,0.974200009752409,0.25872670165826367,0.9719759261905015,0.5883550077477729,0.9180582978119955,0.4943908792621935,0.5602649036381069,0.41222461594263715,0.38753359858338415,0.08558791460235933,0.838424616447556,0.4395648316816788,0.07504401881639965,0.28462694270118033,0.8186185195586895,0.2822815533909502,0.5643108569862305,0.06548869721148151,0.9789684623564981,0.721020344541485,0.49370873818593797
300704,0.5568479214558162,0.7238346244894613,0.8980507983367398,0.5799906332074733,0.03554191622163323,0.0,0.3290821185470881,0.5163031363770682,0.5986707535887899,0.6034261993999418,0.09697774691930798,0.9305375819889817,0.34227209145969506,0.4755172976392805,0.9767450684960636,0.8153768241263385,0.8152059173549088,0.5681596560192315,0.6258258699150173,0.5599841563722638,0.30463848044516456,0.11089573014322293,0.7342533212200123,0.11376491735623454,0.5847525930809634,0.6265794132689851,0.4796657033369478,0.10081402528269875,0.9888185092049415,1.0077212112015888,0.2939712420788654,1.005084586694401,0.6234961714736624,0.9514092385985521,0.5261404813920748,0.5950013848617,0.44622278419721856,0.4180546261201817,0.063220008546034,0.8675774280908877,0.47451939241729935,0.11047301279237921,0.3102297182190242,0.8532511980772692,0.31094458893227517,0.5940264635095879,0.06812319142569923,1.0123187510042837,0.7556878441395204,0.5287500585224598
301100,0.23367083015988296,0.4633601609477837,0.5792571495117006,0.3790608366965733,0.30237892034886854,0.3290821185470881,0.0,0.19504385027534013,0.42148987983767816,0.41449362652933863,0.41031361449537057,0.6340610677473308,0.09475002627792108,0.21454186828411553,0.6590308620825076,0.5411036656547373,0.4924730743671445,0.43381351017729636,0.46538446321339944,0.31358252046735935,0.26490513039396135,0.24453987442172645,0.44352347982801466,0.4166410536950747,0.2668058689824305,0.4960897574912563,0.3453694914197294,0.38874365469415045,0.696491029694897,0.7078748672430755,0.17632205772693224,0.7002000511560849,0.3804276093613189,0.6501537467157488,0.21962984492047816,0.3383919104098038,0.3754730744233118,0.10869484047457291,0.3879046772100751,0.540505525298192,0.359968730474414,0.25942270136646894,0.02305569462665242,0.5776896377671228,0.03302396892660051,0.27022027524714237,0.35786657186994764,0.710203658659124,0.48509572357714076,0.39663872070476647
301105,0.04095228230991508,0.30586995167343206,0.38450405458067494,0.29345409030991776,0.4863888844586092,0.5163031363770682,0.19504385027534013,0.0,0.34620762731330407,0.33060789281017766,0.5888017073200326,0.4442118458380511,0.18475999724351358,0.13771169614719997,0.4641634123968801,0.3670471498019052,0.29917232770463736,0.39061721657227133,0.3942977129489931,0.2008625610557817,0.35246664582546305,0.4194498456870829,0.2618804869333122,0.5914450837958969,0.07211869694743338,0.44226187732285227,0.32973650608553434,0.561722536062098,0.5078351111867183,0.5160130880786731,0.27764807251842477,0.5067410132979465,0.25243926531606997,0.45816558884455266,0.05344599990227169,0.2057527078766596,0.3957414594564217,0.09964408215677648,0.5714026044464755,0.3525958175354366,0.35431340673727674,0.4309861102059916,0.21753238784445383,0.40120803312364645,0.20620054857526487,0.07803145524698271,0.5347684537497447,0.5175455451144952,0.3171216526714744,0.365343710447944
301194,0.35758450410542886,0.203730057893278,0.4964823794443453,0.0533360029228275,0.5632035074289344,0.5986707535887899,0.42148987983767816,0.34620762731330407,0.0,0.021572712941189304,0.6224217790270643,0.436635554095635,0.3310177378754959,0.22211884174969965,0.551787594624365,0.29384783356784927,0.46321137681509833,0.07446712803168574,0.048110318642793144,0.14824033190183825,0.2978969259667677,0.48952768103559074,0.2836896125772873,0.6123979615462731,0.3347662525553927,0.10037306206377451,0.1228015426889466,0.5837414625215678,0.47469396899401706,0.5104914376162658,0.31432659915901767,0.5234583183500685,0.12976971901394924,0.4674696618357704,0.2941854597414676,0.16055459502249678,0.19038266802849904,0.3378181541839388,0.6268158159044728,0.5389640558935083,0.13780402497616823,0.4881982744057229,0.43917975282785277,0.3255350799678149,0.40147753700978595,0.36782278827209214,0.575379996881728,0.521007207374845,0.24468365596029373,0.08953347933416912
301332,0.3403751006389505,0.18344405637711042,0.4751342625442778,0.03764117229794633,0.5678989482754414,0.6034261993999418,0.41449362652933863,0.33060789281017766,0.021572712941189304,0.0,0.6303229037594212,0.41728038861244926,0.32573302555115863,0.21042421730137198,0.5309215274161729,0.27479949388459457,0.44165571171482393,0.09540954495000387,0.06532818871638219,0.13087403399039493,0.305356874865084,0.49360272616352086,0.2622218281679228,0.6209500358412419,0.31635474347267384,0.12048801016503566,0.13319683778068128,0.5919552888955227,0.4565752710984155,0.49168051252288225,0.3157646608632199,0.5040454213566116,0.10837594455343022,0.4478761163123736,0.2780673379703456,0.14058991843815957,0.20561419340288303,0.32727481506555195,0.6334685208557004,0.5174122745827265,0.15105013773740775,0.49304986828405345,0.4328736447089746,0.3072109728786809,0.3958337414184684,0.34938241305782364,0.5824016481023684,0.5019795969308595,0.22449195627437904,0.10646722469829496
301555,0.6297370156735218,0.7680284504420907,0.9645201918423764,0.6116401007984323,0.11070705203777437,0.09697774691930798,0.41031361449537057,0.5888017073200326,0.6224217790270643,0.6303229037594212,0.0,0.9848664832220897,0.40743572378265547,0.5302565699739197,1.041962158321349,0.8623729084620908,0.8851017619689662,0.5814232620626255,0.6432320974677033,0.6058170459187777,0.3249720356460545,0.1693522793565279,0.7891067130454122,0.0224861570433702,0.6542492796953109,0.6351890288568528,0.4999779717982556,0.039678758382214505,1.0406439283867557,1.062835137209334,0.33997320017375965,1.062720951375673,0.6654574092068226,1.007741636755529,0.5921570562681637,0.6422757726707814,0.4517342283969182,0.48922584991272994,0.038805920298425584,0.9413952386101065,0.4897412755793464,0.15863805614833662,0.3935500395413456,0.900046493835731,0.3880930980215176,0.6668172152736048,0.05421882733194628,1.0684988851788282,0.8025932005827786,0.544214692980082
301636,0.41233173645033516,0.23553413456435918,0.15363798380305244,0.4127461951258197,0.8968652180521552,0.9305375819889817,0.6340610677473308,0.4442118458380511,0.436635554095635,0.41728038861244926,0.9848664832220897,0.0,0.5901819412017398,0.4555915172290331,0.14955114265631192,0.14306231335779335,0.2176939492830348,0.5101693706244059,0.4555005074227833,0.38308179603904813,0.6779983887801035,0.822717526696351,0.196317888145391,0.9814009792447772,0.3732016618352865,0.508297582845857,0.536610352499351,0.9508397185199441,0.06466714362771322,0.07824993992714051,0.6449263202469376,0.08684528304513787,0.33425001064706644,0.03274843368537283,0.4146596269092354,0.3458532008416716,0.6174942964031284,0.526843016544444,0.9767619748327991,0.25641265794676676,0.5602258146264977,0.8292042571433967,0.6570971168025449,0.11636572143986142,0.6373230741018486,0.38224446916196214,0.9316372815308175,0.0859567313096957,0.19484908413377783,0.5229872346867598
301637,0.225431389496753,0.3971675067706635,0.5575544633147358,0.2917473373679689,0.30990427116669467,0.34227209145969506,0.09475002627792108,0.18475999724351358,0.3310177378754959,0.32573302555115863,0.40743572378265547,0.5901819412017398,0.0,0.14155523537087586,0.6355881101738412,0.48271981498373356,0.47774749659537186,0.3396012650076684,0.3735362996554439,0.23780185357987385,0.18810017422739564,0.23887232308872747,0.39448962414708844,0.40865916901327676,0.24710334568435763,0.4021704132208232,0.2506304652136612,0.37858834118276263,0.6499025673271863,0.6667514253913732,0.10152426591136599,0.6631902439941817,0.3052857679760241,0.6100172926585219,0.18494178788886134,0.2678581500828114,0.28329901399434043,0.08680170759498075,0.3931155855014878,0.5357299106682685,0.26539036081525774,0.24882735602848102,0.1092862003218668,0.5203231651299801,0.07058456406130678,0.26189571902979686,0.3532183748276415,0.6708848864203664,0.4241621807750541,0.302080056908739
303099,0.16371125158215127,0.2556143025260888,0.4419799083086338,0.17303013542205853,0.4415257513526548,0.4755172976392805,0.21454186828411553,0.13771169614719997,0.22211884174969965,0.21042421730137198,0.5302565699739197,0.4555915172290331,0.14155523537087586,0.0,0.5165705257937978,0.34212938907455803,0.37263462886572307,0.25669946122929194,0.2695548171278797,0.09908469878801034,0.2436178377469595,0.36714528206417707,0.2593381822434529,0.5279324318951106,0.16105521093593647,0.31214156254207953,0.19203559695774067,0.4973397742908917,0.5133130087749682,0.5332220481687658,0.1915915064081454,0.5324718184288463,0.16626978946026422,0.4776631442197646,0.09691494890478582,0.12655806516247634,0.2603682922352115,0.11753655860888805,0.5212086123071825,0.43988617988308637,0.21680744339504157,0.37371618842062276,0.23556605092089955,0.37988448066955277,0.2035329130917973,0.18934599176813702,0.47666832509329976,0.538497234291493,0.283144925934987,0.22887015722342371
303265,0.4255023097548925,0.3490130135091201,0.07995837815240664,0.5184062859207567,0.9451766818963906,0.9767450684960636,0.6590308620825076,0.4641634123968801,0.551787594624365,0.5309215274161729,1.041962158321349,0.14955114265631192,0.6355881101738412,0.5165705257937978,0.0,0.2725984340410847,0.1710544915074067,0.6262369308797034,0.5782917131995247,0.4663930523307364,0.7555700558714842,0.8743205283700373,0.27516752478091505,1.0415421838470027,0.3932324065285456,0.6341581240623294,0.6361252615160242,1.0110701165267937,0.17564806145759554,0.13837027630779433,0.7074719134245093,0.1061187398930208,0.4333105863352991,0.1207132172269895,0.4507936109624702,0.43059898968287735,0.7190806060543442,0.559491965798417,1.0287030325023865,0.16070334777827194,0.6617795341851443,0.8834832533152316,0.6812752692984841,0.2565883730370009,0.6695852635455279,0.38951366984481983,0.9878133590536111,0.12640840455929755,0.30896767752800935,0.6322659073736177
303487,0.34478742346258234,0.0966129344794371,0.23830381970135878,0.2725781057298413,0.7807474554922462,0.8153768241263385,0.5411036656547373,0.3670471498019052,0.29384783356784927,0.27479949388459457,0.8623729084620908,0.14306231335779335,0.48271981498373356,0.34212938907455803,0.2725984340410847,0.0,0.25162554744709426,0.36717382692043016,0.3126829365050193,0.2566282498142955,0.5472700655105991,0.7054693449907692,0.10846813703585383,0.8571691474109238,0.3041236478047006,0.366199059486781,0.39735154401422024,0.8268177063660163,0.18395269507169362,0.21695558418425662,0.5237309863412087,0.2298894908754726,0.19941150434006152,0.1745748381055288,0.32554660346533054,0.22063144028381385,0.47696634370409263,0.43249513282462754,0.8574526074739269,0.31788524293697845,0.42005923096906184,0.7101408731948411,0.5639307671512426,0.037874681593842115,0.5383850689471629,0.3241643392789149,0.8101903281712955,0.2271911894998168,0.05982308294407105,0.3809139946841201
303620,0.2591642366878757,0.2827196489890131,0.09243941323316873,0.4191633108241513,0.784783356991096,0.8152059173549088,0.4924730743671445,0.29917232770463736,0.46321137681509833,0.44165571171482393,0.8851017619689662,0.2176939492830348,0.47774749659537186,0.37263462886572307,0.1710544915074067,0.25162554744709426,0.0,0.5345373628491009,0.5000075072805606,0.34581201362634056,0.6162051299398298,0.7161158931967729,0.18593710223666385,0.8863214746425336,0.2309426976691427,0.5580345557469226,0.5222445084184604,0.8561481081738767,0.27742413294271845,0.2636599003242404,0.5581448049763271,0.2422088284335331,0.33400205392321547,0.2125598804232948,0.2939212856785846,0.3151398721751187,0.6043221377746001,0.39726388748965186,0.8693780852089035,0.07578376005723961,0.5491599134495095,0.7265495688213174,0.5142734959773558,0.26034869111637265,0.5053557560915692,0.22230312399354016,0.8308963658358387,0.25894510622348405,0.253286983800482,0.5306964471270075
303776,0.4078711000112991,0.27811855482053344,0.570371536977461,0.11599176476281278,0.533226012040462,0.5681596560192315,0.43381351017729636,0.39061721657227133,0.07446712803168574,0.09540954495000387,0.5814232620626255,0.5101693706244059,0.3396012650076684,0.25669946122929194,0.6262369308797034,0.36717382692043016,0.5345373628491009,0.0,0.06537297568283258,0.20453039378973506,0.26352778275618044,0.4624992451665209,0.3572015912875257,0.5693791413648105,0.3900399440322086,0.06334428945266822,0.09387074065068056,0.5420218442456606,0.5465342051147337,0.5833008485005602,0.3002993156271581,0.5970146536298647,0.2006035313027223,0.5412435290194427,0.34146152011346487,0.22481771267969827,0.13280583417027447,0.3643963389813084,0.5898313527822466,0.6101399139541298,0.09366661895867051,0.4585717992621324,0.4487598476610485,0.39790888417500664,0.40947943029318584,0.4228505260247516,0.5376028622508809,0.5940968160366619,0.31901504595760716,0.040509166504370614
303858,0.4052628444526389,0.22958017939375955,0.5272746225538886,0.10109358675680055,0.5905910554909996,0.6258258699150173,0.46538446321339944,0.3942977129489931,0.048110318642793144,0.06532818871638219,0.6432320974677033,0.4555005074227833,0.3735362996554439,0.2695548171278797,0.5782917131995247,0.3126829365050193,0.5000075072805606,0.06537297568283258,0.0,0.19575579592871314,0.3218467148580455,0.5183368909965087,0.3169679338715337,0.6318314043723543,0.38166404465807396,0.05802731863537269,0.1462316607338308,0.6040218345591081,0.48827397705720155,0.5266291604719108,0.34855518620251896,0.5421442737239572,0.17048531776705628,0.4872464413159566,0.342196364572848,0.20558275588836483,0.19762785729681193,0.3845059836489624,0.6502068534789837,0.5757543001947604,0.1534921273342284,0.5156112760944425,0.4823873459096125,0.34112875616796073,0.4441207999085695,0.4146971156727647,0.5982027616428501,0.538008124178771,0.2693252646176001,0.09908849408469546
303899,0.20952950516994334,0.16386148062957026,0.3987011871955758,0.09491253777102905,0.5250887822514105,0.5599841563722638,0.31358252046735935,0.2008625610557817,0.14824033190183825,0.13087403399039493,0.6058170459187777,0.38308179603904813,0.23780185357987385,0.09908469878801034,0.4663930523307364,0.2566282498142955,0.34581201362634056,0.20453039378973506,0.19575579592871314,0.0,0.2950484978098517,0.44961100115953234,0.19324169884011203,0.6009174101407484,0.18699458366726518,0.24760351623255175,0.17645948617321772,0.5704985551691927,0.43595409100221466,0.46131052417656027,0.26725768835269254,0.4652514888861829,0.06754831089399226,0.408760064857504,0.1477968558015959,0.03724285830927015,0.25860731537401765,0.21340968942892483,0.6009375181920095,0.4195407711756479,0.2034226973896077,0.45378944186071263,0.3346494753045229,0.29438256498716314,0.30219166859664465,0.2200341893668728,0.5535630695417464,0.46845225036076493,0.1968162154437502,0.19056909356223567
304073,0.3895058520329554,0.45112076746495655,0.6831641881172865,0.2874789675111679,0.2697099592507523,0.30463848044516456,0.26490513039396135,0.35246664582546305,0.2978969259667677,0.305356874865084,0.3249720356460545,0.6779983887801035,0.18810017422739564,0.2436178377469595,0.7555700558714842,0.5472700655105991,0.6162051299398298,0.26352778275618044,0.3218467148580455,0.2950484978098517,0.0,0.200089470601437,0.487075141588449,0.3160080218583531,0.3985887205988374,0.32255476809933376,0.17630830811375545,0.2867383000436138,0.7294950176806227,0.756183894581818,0.08899699128228389,0.7602350760482873,0.3479430527517216,0.7037970676963641,0.3313441375957628,0.3322883483017842,0.1471757057492615,0.2669261755055876,0.3290582108800514,0.6832127091918342,0.1698809300933392,0.19519605862024367,0.2677204076538798,0.5842818855902087,0.2321105156811658,0.42209248316790604,0.27749231518974504,0.7634772109485404,0.48822581949369376,0.22416878573128984
304137,0.460384736755055,0.6134005492508873,0.7964169409361637,0.46949042915318234,0.07560394904978272,0.11089573014322293,0.24453987442172645,0.4194498456870829,0.48952768103559074,0.49360272616352086,0.1693522793565279,0.822717526696351,0.23887232308872747,0.36714528206417707,0.8743205283700373,0.7054693449907692,0.7161158931967729,0.4624992451665209,0.5183368909965087,0.44961100115953234,0.200089470601437,0.0,0.6264221105150499,0.17306626855326365,0.4851903945303712,0.5224115896017266,0.37214810856552316,0.14442587519928354,0.8802265840199904,0.9002438216399025,0.1831245858227756,0.8986200881487805,0.5127561900777341,0.8443613098181871,0.4238118845574193,0.4849132891655359,0.3457943626786385,0.31988347154421926,0.15467775145795892,0.772044282640566,0.3689463754350938,0.018093178019577886,0.22991441338030186,0.7433340167076097,0.22015038981087587,0.4974671255698883,0.11539294968946916,0.9052548299345886,0.6457124049069607,0.4225527733012274
304217,0.2372992259450348,0.09766345626960575,0.21350435025098116,0.24529288555293735,0.7005493297586263,0.7342533212200123,0.44352347982801466,0.2618804869333122,0.2836896125772873,0.2622218281679228,0.7891067130454122,0.196317888145391,0.39448962414708844,0.2593381822434529,0.27516752478091505,0.10846813703585383,0.18593710223666385,0.3572015912875257,0.3169679338715337,0.19324169884011203,0.487075141588449,0.6264221105150499,0.0,0.7860778200436733,0.1965402062241351,0.37481654450237734,0.36098649808414396,0.7554913606640776,0.2554419192202473,0.27389093364314715,0.4493686157569766,0.2742787018323135,0.15921259039240052,0.21871761099545942,0.2244882707295028,0.15657088731473393,0.44397976769444764,0.335097161375385,0.7805459774617979,0.26090779962015076,0.3867499883188968,0.6330319873917072,0.4665547931281763,0.14002483366419802,0.44421917477577505,0.21572514669149462,0.7357194420913215,0.2794021709748726,0.07618865906170376,0.3593002461521135
304450,0.6323961203560299,0.7622991499716038,0.964566107185401,0.6033739151167051,0.12219591927595681,0.11376491735623454,0.4166410536950747,0.5914450837958969,0.6123979615462731,0.6209500358412419,0.0224861570433702,0.9814009792447772,0.40865916901327676,0.5279324318951106,1.0415421838470027,0.8571691474109238,0.8863214746425336,0.5693791413648105,0.6318314043723543,0.6009174101407484,0.3160080218583531,0.17306626855326365,0.7860778200436733,0.0,0.6557594056011619,0.6220812852204466,0.48969487616612206,0.030595924332964906,1.0364475227876113,1.0594954190613295,0.33673536606742693,1.0600761022396055,0.6594282675571711,1.0047947677466351,0.5927752480600526,0.6376221213357477,0.4387233502342488,0.4918020142247273,0.06018176397478926,0.943842382136706,0.4784564553182511,0.1604858343486995,0.40073840869806765,0.8947340543655666,0.39313103862786325,0.6693551187996786,0.05911115792021748,1.06544491824121,0.7974703524355786,0.5327440682534366
305021,0.04076473765602226,0.25408638027406,0.31387159998422137,0.28160121121508175,0.5540098032817913,0.5847525930809634,0.2668058689824305,0.07211869694743338,0.3347662525553927,0.31635474347267384,0.6542492796953109,0.3732016618352865,0.24710334568435763,0.16105521093593647,0.3932324065285456,0.3041236478047006,0.2309426976691427,0.3900399440322086,0.38166404465807396,0.18699458366726518,0.3985887205988374,0.4851903945303712,0.1965402062241351,0.6557594056011619,0.0,0.43454241141697963,0.34442007526947516,0.6256869084691915,0.43715033119777497,0.4442784588237939,0.3319931127624373,0.43466991153856693,0.2221360268058084,0.3864332730935168,0.06726247277436447,0.1785490096805242,0.4186968168761879,0.1667206606785593,0.638477759310155,0.28951572741036746,0.3707728174341534,0.4957647078313519,0.28942317609043705,0.3365600999361974,0.276354083946481,0.033058242914238506,0.6000571391927767,0.4456159790353165,0.258722025771155,0.3712136793114785
305781,0.45602931660720825,0.2861958936538672,0.5844987938227731,0.15302834009111252,0.5919487872395268,0.6265794132689851,0.4960897574912563,0.44226187732285227,0.10037306206377451,0.12048801016503566,0.6351890288568528,0.508297582845857,0.4021704132208232,0.31214156254207953,0.6341581240623294,0.366199059486781,0.5580345557469226,0.06334428945266822,0.05802731863537269,0.24760351623255175,0.32255476809933376,0.5224115896017266,0.37481654450237734,0.6220812852204466,0.43454241141697963,0.0,0.15700032619843537,0.5955841203988363,0.537987448152554,0.5777024644445434,0.3632439844327925,0.5945695404737134,0.22778238433681328,0.5403906616102374,0.39130097591404933,0.2608663774858552,0.1834551834574617,0.42329751393640624,0.6455538720227055,0.633780082426588,0.1540548689132087,0.5177072155686342,0.5114208987370239,0.3928445958500838,0.47225701074765564,0.4675956743646922,0.5931750992343514,0.5895316064204478,0.3253636538578613,0.10339458951305999
306012,0.3540728980349999,0.3015139916135679,0.5720408502557107,0.12495857888522223,0.44439713341871695,0.4796657033369478,0.3453694914197294,0.32973650608553434,0.1228015426889466,0.13319683778068128,0.4999779717982556,0.536610352499351,0.2506304652136612,0.19203559695774067,0.6361252615160242,0.39735154401422024,0.5222445084184604,0.09387074065068056,0.1462316607338308,0.17645948617321772,0.17630830811375545,0.37214810856552316,0.36098649808414396,0.48969487616612206,0.34442007526947516,0.15700032619843537,0.0,0.46116436060466764,0.5811995689437511,0.6132461494449006,0.2064485066662152,0.6223466885678604,0.20403644520850425,0.5655156939088588,0.2863663365654021,0.20837953104592152,0.08306845373947173,0.28640551058366603,0.5053042874205187,0.5959628918054471,0.02707004405617738,0.36939985234519773,0.3589650078422359,0.4322049662122968,0.31938392559029727,0.3756257725088657,0.45358123171173903,0.622420690733884,0.34181451577500527,0.05362577948471776
306063,0.6026666741191307,0.7320461325926071,0.9341620581455053,0.5738818600164511,0.10107808408723745,0.10081402528269875,0.38874365469415045,0.561722536062098,0.5837414625215678,0.5919552888955227,0.039678758382214505,0.9508397185199441,0.37858834118276263,0.4973397742908917,1.0110701165267937,0.8268177063660163,0.8561481081738767,0.5420218442456606,0.6040218345591081,0.5704985551691927,0.2867383000436138,0.14442587519928354,0.7554913606640776,0.030595924332964906,0.6256869084691915,0.5955841203988363,0.46116436060466764,0.0,1.005953712684729,1.0289273084752881,0.3061432079604855,1.0294820159959406,0.6292343549624,0.9742077651032662,0.5625086453836471,0.6071701079740286,0.41212958489761553,0.462095351433527,0.06317264470884223,0.9139908730037001,0.4505480501944206,0.13104978168120932,0.3734065698127642,0.8644043764749373,0.3645466743165563,0.6395766985605371,0.03560448163065886,1.034862443308261,0.767101557774769,0.5049706449927908
306152,0.47650908284049526,0.2804124712808525,0.20356901397797753,0.4563233491535702,0.9548190607805327,0.9888185092049415,0.696491029694897,0.5078351111867183,0.47469396899401706,0.4565752710984155,1.0406439283867557,0.06466714362771322,0.6499025673271863,0.5133130087749682,0.17564806145759554,0.18395269507169362,0.27742413294271845,0.5465342051147337,0.48827397705720155,0.43595409100221466,0.7294950176806227,0.8802265840199904,0.2554419192202473,1.0364475227876113,0.43715033119777497,0.537987448152554,0.5811995689437511,1.005953712684729,0.0,0.04644910489583329,0.70078250288523,0.07677747568372179,0.3824888888395339,0.06597347128435807,0.47688240619086425,0.39899163164754975,0.6603169090036359,0.5887989705735203,1.0337346625892523,0.30787482144304196,0.6036339790698244,0.8861132354070927,0.7195436298297274,0.1494344573669511,0.6988439244565973,0.4467461540812376,0.987782538429261,0.06119417585886501,0.24160057854357583,0.563031146480281
306489,0.48237953498575725,0.31175172301169035,0.18073641349464922,0.4889013451925359,0.974200009752409,1.0077212112015888,0.7078748672430755,0.5160130880786731,0.5104914376162658,0.49168051252288225,1.062835137209334,0.07824993992714051,0.6667514253913732,0.5332220481687658,0.13837027630779433,0.21695558418425662,0.2636599003242404,0.5833008485005602,0.5266291604719108,0.46131052417656027,0.756183894581818,0.9002438216399025,0.27389093364314715,1.0594954190613295,0.4442784588237939,0.5777024644445434,0.6132461494449006,1.0289273084752881,0.04644910489583329,0.0,0.722940768552592,0.033090420619752786,0.41172854621898686,0.05784849961699253,0.4891548672559052,0.4240866701041676,0.6935717379737216,0.6014639886974434,1.0544300113876173,0.28342184866877934,0.6364744925114231,0.9069229169614647,0.730857712615222,0.18557227094915055,0.7123164629148485,0.45054540811990207,1.0095345343807323,0.01484352993289374,0.2715422644412969,0.5978648090691352
306623,0.31688734959432197,0.43076890463703865,0.6318687459418725,0.2889509976094844,0.25872670165826367,0.2939712420788654,0.17632205772693224,0.27764807251842477,0.31432659915901767,0.3157646608632199,0.33997320017375965,0.6449263202469376,0.10152426591136599,0.1915915064081454,0.7074719134245093,0.5237309863412087,0.5581448049763271,0.3002993156271581,0.34855518620251896,0.26725768835269254,0.08899699128228389,0.1831245858227756,0.4493686157569766,0.33673536606742693,0.3319931127624373,0.3632439844327925,0.2064485066662152,0.3061432079604855,0.70078250288523,0.722940768552592,0.0,0.7233450036511965,0.32969296728553676,0.6680790946822042,0.2655717070284108,0.30314433114486433,0.21081383225366845,0.185115315899794,0.33372162218333185,0.6210236679917295,0.21159981964190103,0.1865608618736528,0.18051657572419283,0.5615408259230347,0.14375377541610723,0.3517105577994277,0.2870034542672608,0.7287596220243567,0.4639100592145129,0.2599020601544288
306691,0.47168441442073517,0.3218704053051795,0.15521123526231786,0.4989155598602664,0.9719759261905015,1.005084586694401,0.7002000511560849,0.5067410132979465,0.5234583183500685,0.5040454213566116,1.062720951375673,0.08684528304513787,0.6631902439941817,0.5324718184288463,0.1061187398930208,0.2298894908754726,0.2422088284335331,0.5970146536298647,0.5421442737239572,0.4652514888861829,0.7602350760482873,0.8986200881487805,0.2742787018323135,1.0600761022396055,0.43466991153856693,0.5945695404737134,0.6223466885678604,1.0294820159959406,0.07677747568372179,0.033090420619752786,0.7233450036511965,0.0,0.41921196088061063,0.05688061434440632,0.4829186190151002,0.42804150350113085,0.7035994310841668,0.5950250290055593,1.0531357316300476,0.255763330130476,0.6462457502340251,0.9059103713203496,0.7230773054300326,0.2018454718459172,0.7061350633910626,0.4386248623784449,1.0091301420122234,0.02029915476880646,0.28098501502504,0.6096261978291613
306768,0.25250865086884666,0.10320264305159633,0.3725259373657349,0.08631766150473107,0.5883550077477729,0.6234961714736624,0.3804276093613189,0.25243926531606997,0.12976971901394924,0.10837594455343022,0.6654574092068226,0.33425001064706644,0.3052857679760241,0.16626978946026422,0.4333105863352991,0.19941150434006152,0.33400205392321547,0.2006035313027223,0.17048531776705628,0.06754831089399226,0.3479430527517216,0.5127561900777341,0.15921259039240052,0.6594282675571711,0.2221360268058084,0.22778238433681328,0.20403644520850425,0.6292343549624,0.3824888888395339,0.41172854621898686,0.32969296728553676,0.41921196088061063,0.0,0.36233152097122584,0.19927795196192058,0.046768599716312975,0.28647803414174766,0.2783011975835891,0.6624003377510811,0.4096689304618748,0.22900165337409142,0.5160109401644736,0.40172137943259345,0.23633919224277597,0.36964573015148133,0.25431538277048843,0.6140062405330358,0.4202066898339909,0.14089811450592873,0.2001599302934519
307693,0.424587061983329,0.2653055431021576,0.13786234429449298,0.44221431268008204,0.9180582978119955,0.9514092385985521,0.6501537467157488,0.45816558884455266,0.4674696618357704,0.4478761163123736,1.007741636755529,0.03274843368537283,0.6100172926585219,0.4776631442197646,0.1207132172269895,0.1745748381055288,0.2125598804232948,0.5412435290194427,0.4872464413159566,0.408760064857504,0.7037970676963641,0.8443613098181871,0.21871761099545942,1.0047947677466351,0.3864332730935168,0.5403906616102374,0.5655156939088588,0.9742077651032662,0.06597347128435807,0.05784849961699253,0.6680790946822042,0.05688061434440632,0.36233152097122584,0.0,0.43161814535734755,0.37153008298338863,0.6468532196743999,0.5439198665814284,0.9987264244636538,0.2421535266833771,0.5894768549587251,0.8513368862353682,0.673126275098815,0.1489949437828076,0.6548462810948568,0.3929228467136182,0.9542776170287481,0.06091109546743012,0.2243432259386175,0.5532303219137046
307800,0.06772722354827877,0.2577559537920915,0.3726152521070628,0.24115993664177685,0.4943908792621935,0.5261404813920748,0.21962984492047816,0.05344599990227169,0.2941854597414676,0.2780673379703456,0.5921570562681637,0.4146596269092354,0.18494178788886134,0.09691494890478582,0.4507936109624702,0.32554660346533054,0.2939212856785846,0.34146152011346487,0.342196364572848,0.1477968558015959,0.3313441375957628,0.4238118845574193,0.2244882707295028,0.5927752480600526,0.06726247277436447,0.39130097591404933,0.2863663365654021,0.5625086453836471,0.47688240619086425,0.4891548672559052,0.2655717070284108,0.4829186190151002,0.19927795196192058,0.43161814535734755,0.0,0.1525348916713495,0.35710042461127006,0.11230912269216911,0.5779958715574952,0.3554522878907764,0.31195234735227706,0.4335201517699558,0.2426852628060745,0.3611073167455258,0.22327677346661873,0.09284079429956767,0.5379421776598793,0.49204553288996067,0.2725985268239917,0.3183245869711776
308206,0.2070678525055614,0.12986986437383966,0.3641884457562317,0.1095279643170286,0.5602649036381069,0.5950013848617,0.3383919104098038,0.2057527078766596,0.16055459502249678,0.14058991843815957,0.6422757726707814,0.3458532008416716,0.2678581500828114,0.12655806516247634,0.43059898968287735,0.22063144028381385,0.3151398721751187,0.22481771267969827,0.20558275588836483,0.03724285830927015,0.3322883483017842,0.4849132891655359,0.15657088731473393,0.6376221213357477,0.1785490096805242,0.2608663774858552,0.20837953104592152,0.6071701079740286,0.39899163164754975,0.4240866701041676,0.30314433114486433,0.42804150350113085,0.046768599716312975,0.37153008298338863,0.1525348916713495,0.0,0.2912554027780765,0.2342241103570495,0.6368558872428663,0.38978144761729816,0.23499256967943524,0.48951089651380336,0.36015291466503496,0.258472997739892,0.32960228179601003,0.21123985814510285,0.5898319292712189,0.4312095328423465,0.1608306705237377,0.21630254010919772
308269,0.424065166396141,0.3819914077151538,0.6550887653996951,0.20475108039442455,0.41222461594263715,0.44622278419721856,0.3754730744233118,0.3957414594564217,0.19038266802849904,0.20561419340288303,0.4517342283969182,0.6174942964031284,0.28329901399434043,0.2603682922352115,0.7190806060543442,0.47696634370409263,0.6043221377746001,0.13280583417027447,0.19762785729681193,0.25860731537401765,0.1471757057492615,0.3457943626786385,0.44397976769444764,0.4387233502342488,0.4186968168761879,0.1834551834574617,0.08306845373947173,0.41212958489761553,0.6603169090036359,0.6935717379737216,0.21081383225366845,0.7035994310841668,0.28647803414174766,0.6468532196743999,0.35710042461127006,0.2912554027780765,0.0,0.3374759361237198,0.4625616547875376,0.6776067496026277,0.05749892948060578,0.33921596575636764,0.3847996873806861,0.5109442311407435,0.3455755179562044,0.448696597635515,0.4101595886635472,0.7031053354207416,0.4226739938360498,0.10148083900699752
308325,0.14059613752652952,0.3562614438525663,0.48038978951391503,0.29012513632155773,0.38753359858338415,0.4180546261201817,0.10869484047457291,0.09964408215677648,0.3378181541839388,0.32727481506555195,0.48922584991272994,0.526843016544444,0.08680170759498075,0.11753655860888805,0.559491965798417,0.43249513282462754,0.39726388748965186,0.3643963389813084,0.3845059836489624,0.21340968942892483,0.2669261755055876,0.31988347154421926,0.335097161375385,0.4918020142247273,0.1667206606785593,0.42329751393640624,0.28640551058366603,0.462095351433527,0.5887989705735203,0.6014639886974434,0.185115315899794,0.5950250290055593,0.2783011975835891,0.5439198665814284,0.11230912269216911,0.2342241103570495,0.3374759361237198,0.0,0.4722858666592159,0.45218296706597,0.30689680327944086,0.33134221633823874,0.13163911399792483,0.46901674327383086,0.1111358418836635,0.17760875619462088,0.4351649487551633,0.6043148364334504,0.37681209321530446,0.3317613445641292
308581,0.6122016217457749,0.7642030897845328,0.9505862737490861,0.6127872835208775,0.08558791460235933,0.063220008546034,0.3879046772100751,0.5714026044464755,0.6268158159044728,0.6334685208557004,0.038805920298425584,0.9767619748327991,0.3931155855014878,0.5212086123071825,1.0287030325023865,0.8574526074739269,0.8693780852089035,0.5898313527822466,0.6502068534789837,0.6009375181920095,0.3290582108800514,0.15467775145795892,0.7805459774617979,0.06018176397478926,0.638477759310155,0.6455538720227055,0.5053042874205187,0.06317264470884223,1.0337346625892523,1.0544300113876173,0.33372162218333185,1.0531357316300476,0.6624003377510811,0.9987264244636538,0.5779958715574952,0.6368558872428663,0.4625616547875376,0.4722858666592159,0.0,0.9236655642642958,0.4970233081525885,0.14762230452917227,0.3699284114850732,0.8952607873555389,0.36779831121634243,0.6493837229185903,0.05240287703167345,1.0596011875813478,0.7976315976750621,0.5516329037457897
308991,0.31167083534345136,0.3569129138404295,0.10430959507882083,0.49463168668725344,0.838424616447556,0.8675774280908877,0.540505525298192,0.3525958175354366,0.5389640558935083,0.5174122745827265,0.9413952386101065,0.25641265794676676,0.5357299106682685,0.43988617988308637,0.16070334777827194,0.31788524293697845,0.07578376005723961,0.6101399139541298,0.5757543001947604,0.4195407711756479,0.6832127091918342,0.772044282640566,0.26090779962015076,0.943842382136706,0.28951572741036746,0.633780082426588,0.5959628918054471,0.9139908730037001,0.30787482144304196,0.28342184866877934,0.6210236679917295,0.255763330130476,0.4096689304618748,0.2421535266833771,0.3554522878907764,0.38978144761729816,0.6776067496026277,0.45218296706597,0.9236655642642958,0.0,0.6229538546845196,0.7834521760493947,0.5613292525593674,0.3212441518743875,0.5566330311545958,0.2745787772234781,0.8873475614208909,0.2750814768990094,0.3257499249168661,0.6057387003794167
309042,0.3795890444235028,0.32478607112416674,0.5982921707778556,0.14757327006531146,0.4395648316816788,0.47451939241729935,0.359968730474414,0.35431340673727674,0.13780402497616823,0.15105013773740775,0.4897412755793464,0.5602258146264977,0.26539036081525774,0.21680744339504157,0.6617795341851443,0.42005923096906184,0.5491599134495095,0.09366661895867051,0.1534921273342284,0.2034226973896077,0.1698809300933392,0.3689463754350938,0.3867499883188968,0.4784564553182511,0.3707728174341534,0.1540548689132087,0.02707004405617738,0.4505480501944206,0.6036339790698244,0.6364744925114231,0.21159981964190103,0.6462457502340251,0.22900165337409142,0.5894768549587251,0.31195234735227706,0.23499256967943524,0.05749892948060578,0.30689680327944086,0.4970233081525885,0.6229538546845196,0.0,0.3649070684777447,0.37233461063724843,0.45436301810631047,0.33264982899914824,0.40178080500286534,0.44492045298205096,0.64590060006665,0.3653812104768228,0.05460978289127719
309284,0.4719382978533125,0.6173250174619078,0.8059255874887181,0.47004076090045455,0.07504401881639965,0.11047301279237921,0.25942270136646894,0.4309861102059916,0.4881982744057229,0.49304986828405345,0.15863805614833662,0.8292042571433967,0.24882735602848102,0.37371618842062276,0.8834832533152316,0.7101408731948411,0.7265495688213174,0.4585717992621324,0.5156112760944425,0.45378944186071263,0.19519605862024367,0.018093178019577886,0.6330319873917072,0.1604858343486995,0.4957647078313519,0.5177072155686342,0.36939985234519773,0.13104978168120932,0.8861132354070927,0.9069229169614647,0.1865608618736528,0.9059103713203496,0.5160109401644736,0.8513368862353682,0.4335201517699558,0.48951089651380336,0.33921596575636764,0.33134221633823874,0.14762230452917227,0.7834521760493947,0.3649070684777447,0.0,0.2455176640346447,0.7479736251785997,0.23403907609587266,0.5089228750575896,0.10442202715535293,0.9121915407859197,0.6503312427455306,0.4189280217152026
309553,0.2557958013339407,0.48568552281440674,0.6014522496813889,0.3978872215351557,0.28462694270118033,0.3102297182190242,0.02305569462665242,0.21753238784445383,0.43917975282785277,0.4328736447089746,0.3935500395413456,0.6570971168025449,0.1092862003218668,0.23556605092089955,0.6812752692984841,0.5639307671512426,0.5142734959773558,0.4487598476610485,0.4823873459096125,0.3346494753045229,0.2677204076538798,0.22991441338030186,0.4665547931281763,0.40073840869806765,0.28942317609043705,0.5114208987370239,0.3589650078422359,0.3734065698127642,0.7195436298297274,0.730857712615222,0.18051657572419283,0.7230773054300326,0.40172137943259345,0.673126275098815,0.2426852628060745,0.36015291466503496,0.3847996873806861,0.13163911399792483,0.3699284114850732,0.5613292525593674,0.37233461063724843,0.2455176640346447,0.0,0.6005685005868813,0.03968512188938829,0.29215448140584344,0.3417441322004079,0.7331444711738595,0.507775995211395,0.4109387114186211
309569,0.3773213596491669,0.13318402300153856,0.2331387793162566,0.3072540061182138,0.8186185195586895,0.8532511980772692,0.5776896377671228,0.40120803312364645,0.3255350799678149,0.3072109728786809,0.900046493835731,0.11636572143986142,0.5203231651299801,0.37988448066955277,0.2565883730370009,0.037874681593842115,0.26034869111637265,0.39790888417500664,0.34112875616796073,0.29438256498716314,0.5842818855902087,0.7433340167076097,0.14002483366419802,0.8947340543655666,0.3365600999361974,0.3928445958500838,0.4322049662122968,0.8644043764749373,0.1494344573669511,0.18557227094915055,0.5615408259230347,0.2018454718459172,0.23633919224277597,0.1489949437828076,0.3611073167455258,0.258472997739892,0.5109442311407435,0.46901674327383086,0.8952607873555389,0.3212441518743875,0.45436301810631047,0.7479736251785997,0.6005685005868813,0.0,0.5754853180357951,0.3548963483498303,0.8479258760050143,0.1968946337952839,0.09764321426442939,0.4136462227924747
309722,0.24635199365635413,0.4570461598654378,0.590183761234385,0.3613950829938807,0.2822815533909502,0.31094458893227517,0.03302396892660051,0.20620054857526487,0.40147753700978595,0.3958337414184684,0.3880930980215176,0.6373230741018486,0.07058456406130678,0.2035329130917973,0.6695852635455279,0.5383850689471629,0.5053557560915692,0.40947943029318584,0.4441207999085695,0.30219166859664465,0.2321105156811658,0.22015038981087587,0.44421917477577505,0.39313103862786325,0.276354083946481,0.47225701074765564,0.31938392559029727,0.3645466743165563,0.6988439244565973,0.7123164629148485,0.14375377541610723,0.7061350633910626,0.36964573015148133,0.6548462810948568,0.22327677346661873,0.32960228179601003,0.3455755179562044,0.1111358418836635,0.36779831121634243,0.5566330311545958,0.33264982899914824,0.23403907609587266,0.03968512188938829,0.5754853180357951,0.0,0.2834577273345691,0.3348662952019385,0.7153159658270046,0.4811412090095588,0.37148497530111874
309843,0.037192345190775314,0.2808676047141192,0.3095874177417128,0.31465929838501144,0.5643108569862305,0.5940264635095879,0.27022027524714237,0.07803145524698271,0.36782278827209214,0.34938241305782364,0.6668172152736048,0.38224446916196214,0.26189571902979686,0.18934599176813702,0.38951366984481983,0.3241643392789149,0.22230312399354016,0.4228505260247516,0.4146971156727647,0.2200341893668728,0.42209248316790604,0.4974671255698883,0.21572514669149462,0.6693551187996786,0.033058242914238506,0.4675956743646922,0.3756257725088657,0.6395766985605371,0.4467461540812376,0.45054540811990207,0.3517105577994277,0.4386248623784449,0.25431538277048843,0.3929228467136182,0.09284079429956767,0.21123985814510285,0.448696597635515,0.17760875619462088,0.6493837229185903,0.2745787772234781,0.40178080500286534,0.5089228750575896,0.29215448140584344,0.3548963483498303,0.2834577273345691,0.0,0.6127702742009961,0.4508052713505809,0.2822439057154306,0.4035272587463128
310179,0.5757117061519967,0.7162720726917267,0.9103265935278971,0.5624157183117288,0.06548869721148151,0.06812319142569923,0.35786657186994764,0.5347684537497447,0.575379996881728,0.5824016481023684,0.05421882733194628,0.9316372815308175,0.3532183748276415,0.47666832509329976,0.9878133590536111,0.8101903281712955,0.8308963658358387,0.5376028622508809,0.5982027616428501,0.5535630695417464,0.27749231518974504,0.11539294968946916,0.7357194420913215,0.05911115792021748,0.6000571391927767,0.5931750992343514,0.45358123171173903,0.03560448163065886,0.987782538429261,1.0095345343807323,0.2870034542672608,1.0091301420122234,0.6140062405330358,0.9542776170287481,0.5379421776598793,0.5898319292712189,0.4101595886635472,0.4351649487551633,0.05240287703167345,0.8873475614208909,0.44492045298205096,0.10442202715535293,0.3417441322004079,0.8479258760050143,0.3348662952019385,0.6127702742009961,0.0,1.015071445630914,0.7503790618316529,0.49952820051481567
310199,0.4832347750444213,0.32111993095391494,0.17360614713921133,0.49836190499198213,0.9789684623564981,1.0123187510042837,0.710203658659124,0.5175455451144952,0.521007207374845,0.5019795969308595,1.0684988851788282,0.0859567313096957,0.6708848864203664,0.538497234291493,0.12640840455929755,0.2271911894998168,0.25894510622348405,0.5940968160366619,0.538008124178771,0.46845225036076493,0.7634772109485404,0.9052548299345886,0.2794021709748726,1.06544491824121,0.4456159790353165,0.5895316064204478,0.622420690733884,1.034862443308261,0.06119417585886501,0.01484352993289374,0.7287596220243567,0.02029915476880646,0.4202066898339909,0.06091109546743012,0.49204553288996067,0.4312095328423465,0.7031053354207416,0.6043148364334504,1.0596011875813478,0.2750814768990094,0.64590060006665,0.9121915407859197,0.7331444711738595,0.1968946337952839,0.7153159658270046,0.4508052713505809,1.015071445630914,0.0,0.2806076294218128,0.6079906687876886
310442,0.29868277418284644,0.0410950799421624,0.26148377194209427,0.21794678781695992,0.721020344541485,0.7556878441395204,0.48509572357714076,0.3171216526714744,0.24468365596029373,0.22449195627437904,0.8025932005827786,0.19484908413377783,0.4241621807750541,0.283144925934987,0.30896767752800935,0.05982308294407105,0.253286983800482,0.31901504595760716,0.2693252646176001,0.1968162154437502,0.48822581949369376,0.6457124049069607,0.07618865906170376,0.7974703524355786,0.258722025771155,0.3253636538578613,0.34181451577500527,0.767101557774769,0.24160057854357583,0.2715422644412969,0.4639100592145129,0.28098501502504,0.14089811450592873,0.2243432259386175,0.2725985268239917,0.1608306705237377,0.4226739938360498,0.37681209321530446,0.7976315976750621,0.3257499249168661,0.3653812104768228,0.6503312427455306,0.507775995211395,0.09764321426442939,0.4811412090095588,0.2822439057154306,0.7503790618316529,0.2806076294218128,0.0,0.32911234033062725
310527,0.38568095466544133,0.2880374684639186,0.5726851594871551,0.11404511243418466,0.49370873818593797,0.5287500585224598,0.39663872070476647,0.365343710447944,0.08953347933416912,0.10646722469829496,0.544214692980082,0.5229872346867598,0.302080056908739,0.22887015722342371,0.6322659073736177,0.3809139946841201,0.5306964471270075,0.040509166504370614,0.09908849408469546,0.19056909356223567,0.22416878573128984,0.4225527733012274,0.3593002461521135,0.5327440682534366,0.3712136793114785,0.10339458951305999,0.05362577948471776,0.5049706449927908,0.563031146480281,0.5978648090691352,0.2599020601544288,0.6096261978291613,0.2001599302934519,0.5532303219137046,0.3183245869711776,0.21630254010919772,0.10148083900699752,0.3317613445641292,0.5516329037457897,0.6057387003794167,0.05460978289127719,0.4189280217152026,0.4109387114186211,0.4136462227924747,0.37148497530111874,0.4035272587463128,0.49952820051481567,0.6079906687876886,0.32911234033062725,0.0
