id,name,city,kv,lines,degree,max_link,gt20,gt25
304073,STATION B (CENTURY),LOS ANGELES,230,8,24,36.03155108848006,12,7
303169,LIGHTPIPE,LONG BEACH,230,9,23,32.81174229787261,5,3
306060,LAGUNA BELL,COMMERCE,230,12,20,31.79139949308128,8,6
308471,TORRANCE,TORRANCE,66,2,18,53.28326684977264,10,4
306844,LA FRESA,TORRANCE,230,12,17,48.36949387081934,4,4
306279,OLINDA,ROWLAND HEIGHTS,230,10,17,36.52478415047461,16,13
309758,YUKON,HAWTHORNE,66,5,16,25.06692639452648,5,1
304137,HALLDALE,LOS ANGELES,138,3,16,47.469020444181496,4,4
310504,BANDINI,VERNON,66,2,16,35.0797927561384,8,6
308806,MOBILOIL,TORRANCE,66,3,15,49.0827651093915,4,4
307274,CAMERON,LONG BEACH,69,1,15,26.02656521179837,7,1
310179,WILMINGTON (STATION C),LOS ANGELES,138,8,14,27.56395968401377,1,1
307564,JOSE,AVOCADO HEIGHTS,66,0,14,46.45398888542723,9,8
300627,IMPERIAL TERMINAL TOWER,WEST ATHENS,138,4,14,23.27965004765216,3,0
302187,DEL AMO,CERRITOS,230,10,13,26.498578934342067,6,2
306450,VERNON,VERNON,66,3,13,36.52478415047461,6,5
304450,HARBORGEN,LOS ANGELES,230,4,13,25.797594248339,6,2
300105,WALNUT,INDUSTRY,230,5,13,53.28326684977264,8,6
300232,CENTER,NORWALK,230,7,13,22.409045069246293,2,0
300390,HINSON,LONG BEACH,230,7,13,24.534324038154143,5,0
301614,PULPGEN,VERNON,66,3,12,33.47027239653252,4,3
303540,CARSON,COMPTON,66,1,12,23.120268021954782,1,0
306369,LA MIRADA,LA MIRADA,66,1,12,35.523264959057705,9,8
306224,LAKEWOOD,LONG BEACH,66,2,12,31.549801704801755,7,5
307039,ALAMITOS,LONG BEACH,230,7,11,33.88363032318888,6,4
310204,EL NIDO,HAWTHORNE,230,7,11,17.93582796459645,0,0
302164,BRIGHTON,GARDENA,115,2,11,21.179665007737302,2,0
308269,STATION F (VELASCO & KINETIC),LOS ANGELES,230,7,11,34.34749102125566,4,3
303099,STATION D (FAIRFAX),LOS ANGELES,138,8,11,17.93582796459645,0,0
301156,BEVERLY,BEVERLY HILLS,66,4,11,29.769568966856536,4,1
301543,SEPLUVEDA,EL SEGUNDO,66,0,10,17.136052637994368,0,0
301558,EAGLE ROCK,GLENDALE,230,9,10,39.35375198398226,4,2
300648,ROSEMEAD,ROSEMEAD,66,4,9,40.18015488218747,4,3
309156,FELTON,DEL AIRE,66,2,9,14.225015768873972,0,0
301637,STATION N (AIRPORT),LOS ANGELES,138,4,9,13.603908508905697,0,0
306623,GRAMERCY,LOS ANGELES,138,6,8,11.988621737640278,0,0
300429,STATION E (TOLUCA),LOS ANGELES,500,15,8,20.097178569833183,1,0
301194,STATION G (ATWATER),LOS ANGELES,230,8,8,30.662708653836624,2,1
300558,GANESHA,POMONA,66,5,7,43.56985398500446,6,5
306444,STANHILL,LADERA HEIGHTS,66,0,7,13.72665025495396,0,0
301100,UNKNOWN301100,LOS ANGELES,230,1,7,22.657908089060665,1,0
307373,HAYNES,LONG BEACH,230,6,7,34.59815338154187,3,2
301105,STATION K (OLYMPIC),LOS ANGELES,230,8,7,14.25407785883228,0,0
301541,MESA,MONTEREY PARK,230,9,7,24.608273001110387,1,0
310527,STATION A (ST. JOHN),LOS ANGELES,230,5,7,29.769568966856536,1,1
308907,NEWMARK,MONTEREY PARK,66,3,6,21.60708441350702,1,0
308581,STATION Q (HARBOR),LOS ANGELES,138,3,6,23.117498761153847,2,0
309569,STATION M(VALLEY),LOS ANGELES,230,7,6,28.364981879469948,2,2
310199,SYLMAR WEST,LOS ANGELES,230,11,6,42.41932158048181,2,2
302171,SAWTELLE,LOS ANGELES,66,2,6,16.00765599265942,0,0
305984,RIO HONDO,IRWINDALE,230,8,6,28.038178616496637,1,1
307693,RINALDI,LOS ANGELES,500,16,6,16.253194616256998,0,0
309663,TAHITI,MARINA DEL REY,230,1,6,17.12986167617045,0,0
301214,OLIVE,LOS ANGELES,230,2,6,20.097178569833183,1,0
306768,UNKNOWN306768,LOS ANGELES,230,0,6,17.86354825921084,0,0
308494,AIRWAY,GLENDALE,230,6,5,20.42425129706449,1,0
302798,REPETTO,MONTEREY PARK,66,2,5,12.55435634480924,0,0
307785,WABASH,EAST LOS ANGELES,69,4,5,21.79678381435317,1,0
309042,RIVER,LOS ANGELES,230,9,5,13.077451018279897,0,0
300144,STATION 11,LOS ANGELES,138,1,5,12.939664094928432,0,0
301636,SAN FERNANDO,LOS ANGELES,66,1,5,19.30344923723744,0,0
300408,PUENTE,INDUSTRY,66,5,4,22.16647429190498,1,0
307512,GRAYSON,GLENDALE,230,2,4,35.09588969341382,2,1
303371,GOODRICH,PASADENA,230,5,4,43.56985398500446,1,1
300829,GOULD,LA CA?ADA FLINTRIDGE,230,2,4,42.41932158048181,2,2
309853,DOCK,LONG BEACH,66,2,3,6.461077909715863,0,0
301745,WINDSOR HILLS,VIEW PARK-WINDSOR HILLS,66,0,3,5.563615445438121,0,0
301108,CHEVMAIN,EL SEGUNDO,230,5,3,2.476681213758785,0,0
307832,UNKNOWN307832,MANHATTAN BEACH,230,0,3,3.38058421177158,0,0
303620,TARZANA(STATION U),LOS ANGELES,230,7,3,14.334136241013791,0,0
306489,SYLMAR EAST,LOS ANGELES,230,1,3,5.242457067691309,0,0
302923,UNKNOWN302923,EL SEGUNDO,66,1,3,2.4279567308906853,0,0
309703,EL SEGUNDO,EL SEGUNDO,230,2,3,2.476681213758785,0,0
309553,STATION L (SCATTERGOOD),LOS ANGELES,230,2,2,1.8585179455326413,0,0
301517,NOGALES,INDUSTRY,66,0,2,14.896786584443795,0,0
309843,KENTER CANYON,LOS ANGELES,230,2,2,14.334136241013791,0,0
308206,NICHOLS CANYON,LOS ANGELES,230,3,2,3.108100796290364,0,0
308786,LA CIENEGA,LADERA HEIGHTS,230,3,2,16.2686845632156,0,0
300493,STATION J,LOS ANGELES,230,4,2,10.647782224575687,0,0
307557,ROSECRANS,EL SEGUNDO,66,1,2,2.1350342993647904,0,0
303344,CHEVGEN,EL SEGUNDO,66,2,2,0.8879405096420163,0,0
303899,STATION H (HOLLYWOOD),LOS ANGELES,230,4,2,7.19221544609699,0,0
302297,TRISONIC,EL SEGUNDO,66,1,1,0.7245175807489578,0,0
308991,STATION T,LOS ANGELES,230,3,1,4.811090326998903,0,0
308540,LONG BEACH,LONG BEACH,230,4,1,1.5617901156369678,0,0
308367,FUEL,LONG BEACH,230,1,1,1.3509430675133267,0,0
303303,HUGHTRON,TORRANCE,66,1,1,2.8906459346997155,0,0
306694,COLORADO,SANTA MONICA,66,2,1,1.8048981097046024,0,0
304040,ARROYO,LA CA?ADA FLINTRIDGE,66,1,1,7.200990604184929,0,0
306365,ARCOGEN,CARSON,230,2,1,2.308139134481784,0,0
305780,THERMAS,EL SEGUNDO,66,0,1,0.8879405096420163,0,0
306091,DOUGLAS,EL SEGUNDO,66,1,1,0.7245175807489578,0,0
305885,LA BREA,VIEW PARK-WINDSOR HILLS,138,8,1,1.3161035880703758,0,0
