u,u_name,u_kv,u_lines,v,v_name,v_kv,v_lines,length_km
300105,WALNUT,230,5,308471,TORRANCE,66,2,53.28326684977264
300105,WALNUT,230,5,308806,MOBILOIL,66,3,49.0827651093915
300105,WALNUT,230,5,306844,LA FRESA,230,12,48.36949387081934
300105,WALNUT,230,5,304137,HALLDALE,138,3,47.469020444181496
307564,JOSE,66,0,308471,TORRANCE,66,2,46.45398888542723
300558,GANESHA,66,5,303371,GOODRICH,230,5,43.56985398500446
300829,GOULD,230,2,310199,SYLMAR WEST,230,11,42.41932158048181
307564,JOSE,66,0,308806,MOBILOIL,66,3,42.25348714504607
306844,LA FRESA,230,12,307564,JOSE,66,0,41.54021590647388
304137,HALLDALE,138,3,307564,JOSE,66,0,40.63974247983604
300558,GANESHA,66,5,300648,ROSEMEAD,66,4,40.18015488218747
301558,EAGLE ROCK,230,9,310199,SYLMAR WEST,230,11,39.35375198398226
306279,OLINDA,230,10,306450,VERNON,66,3,36.52478415047461
300558,GANESHA,66,5,307564,JOSE,66,0,36.03466184461197
304073,STATION B (CENTURY),230,8,306279,OLINDA,230,10,36.03155108848006
306369,LA MIRADA,66,1,306450,VERNON,66,3,35.523264959057705
300648,ROSEMEAD,66,4,307512,GRAYSON,230,2,35.09588969341382
308471,TORRANCE,66,2,310504,BANDINI,66,2,35.0797927561384
306279,OLINDA,230,10,307373,HAYNES,230,6,34.59815338154187
306369,LA MIRADA,66,1,307564,JOSE,66,0,34.439099897933
300105,WALNUT,230,5,304073,STATION B (CENTURY),230,8,34.35725439382627
306279,OLINDA,230,10,308269,STATION F (VELASCO & KINETIC),230,7,34.34749102125566
304073,STATION B (CENTURY),230,8,306369,LA MIRADA,66,1,34.04189426368978
306369,LA MIRADA,66,1,308269,STATION F (VELASCO & KINETIC),230,7,34.016803156999444
306279,OLINDA,230,10,307039,ALAMITOS,230,7,33.88363032318888
301614,PULPGEN,66,3,306279,OLINDA,230,10,33.47027239653252
304073,STATION B (CENTURY),230,8,307373,HAYNES,230,6,33.33198339671489
300105,WALNUT,230,5,303169,LIGHTPIPE,230,9,32.81174229787261
304073,STATION B (CENTURY),230,8,307039,ALAMITOS,230,7,32.6174603383619
301614,PULPGEN,66,3,306369,LA MIRADA,66,1,32.46875320511561
306279,OLINDA,230,10,310504,BANDINI,66,2,32.02485398976168
306060,LAGUNA BELL,230,12,308471,TORRANCE,66,2,31.79139949308128
306369,LA MIRADA,66,1,310504,BANDINI,66,2,31.69416612550547
306224,LAKEWOOD,66,2,306279,OLINDA,230,10,31.549801704801755
303169,LIGHTPIPE,230,9,306279,OLINDA,230,10,31.099171948040315
308806,MOBILOIL,66,3,310504,BANDINI,66,2,30.879291015757257
300648,ROSEMEAD,66,4,301194,STATION G (ATWATER),230,8,30.662708653836624
306844,LA FRESA,230,12,310504,BANDINI,66,2,30.1660197771851
301156,BEVERLY,66,4,310527,STATION A (ST. JOHN),230,5,29.769568966856536
300558,GANESHA,66,5,306279,OLINDA,230,10,29.66698256329769
304137,HALLDALE,138,3,310504,BANDINI,66,2,29.26554635054722
306279,OLINDA,230,10,306369,LA MIRADA,66,1,28.91611496583685
306224,LAKEWOOD,66,2,306450,VERNON,66,3,28.550997317181547
300829,GOULD,230,2,309569,STATION M(VALLEY),230,7,28.364981879469948
300558,GANESHA,66,5,305984,RIO HONDO,230,8,28.038178616496637
306060,LAGUNA BELL,230,12,308806,MOBILOIL,66,3,27.590897752700133
307039,ALAMITOS,230,7,310179,WILMINGTON (STATION C),138,8,27.56395968401377
304073,STATION B (CENTURY),230,8,307564,JOSE,66,0,27.52797642948083
306060,LAGUNA BELL,230,12,306279,OLINDA,230,10,27.168488599117985
306060,LAGUNA BELL,230,12,306369,LA MIRADA,66,1,27.076129991357558
306224,LAKEWOOD,66,2,308269,STATION F (VELASCO & KINETIC),230,7,27.044535515123275
306060,LAGUNA BELL,230,12,306844,LA FRESA,230,12,26.87762651412796
302187,DEL AMO,230,10,306279,OLINDA,230,10,26.498578934342067
306450,VERNON,66,3,307274,CAMERON,69,1,26.02656521179837
303169,LIGHTPIPE,230,9,307564,JOSE,66,0,25.98246433352716
304137,HALLDALE,138,3,306060,LAGUNA BELL,230,12,25.9771530874901
304450,HARBORGEN,230,4,307039,ALAMITOS,230,7,25.797594248339
302187,DEL AMO,230,10,306450,VERNON,66,3,25.65865379736217
304073,STATION B (CENTURY),230,8,306224,LAKEWOOD,66,2,25.599739242051104
301614,PULPGEN,66,3,306224,LAKEWOOD,66,2,25.49648556323944
301558,EAGLE ROCK,230,9,309569,STATION M(VALLEY),230,7,25.2994122829704
304450,HARBORGEN,230,4,309758,YUKON,66,5,25.06692639452648
307039,ALAMITOS,230,7,307274,CAMERON,69,1,24.74751262416218
306224,LAKEWOOD,66,2,310504,BANDINI,66,2,24.721898483629285
301541,MESA,230,9,306279,OLINDA,230,10,24.608273001110387
300648,ROSEMEAD,66,4,301558,EAGLE ROCK,230,9,24.58479035814086
300390,HINSON,230,7,307039,ALAMITOS,230,7,24.534324038154143
301156,BEVERLY,66,4,301194,STATION G (ATWATER),230,8,24.317171546887643
302187,DEL AMO,230,10,308269,STATION F (VELASCO & KINETIC),230,7,24.1521919953039
302187,DEL AMO,230,10,304073,STATION B (CENTURY),230,8,24.08457356423589
307274,CAMERON,69,1,309758,YUKON,66,5,24.04049727387324
300390,HINSON,230,7,309758,YUKON,66,5,23.826370174349066
300105,WALNUT,230,5,306060,LAGUNA BELL,230,12,23.300261491810996
300627,IMPERIAL TERMINAL TOWER,138,4,304450,HARBORGEN,230,4,23.27965004765216
303540,CARSON,66,1,306450,VERNON,66,3,23.120268021954782
308581,STATION Q (HARBOR),138,3,309758,YUKON,66,5,23.117498761153847
304073,STATION B (CENTURY),230,8,304450,HARBORGEN,230,4,23.04740647016956
304450,HARBORGEN,230,4,308471,TORRANCE,66,2,22.799647012271013
301100,UNKNOWN301100,230,1,301156,BEVERLY,66,4,22.657908089060665
301614,PULPGEN,66,3,302187,DEL AMO,230,10,22.604142043420065
300105,WALNUT,230,5,300232,CENTER,230,7,22.409045069246293
300627,IMPERIAL TERMINAL TOWER,138,4,307274,CAMERON,69,1,22.25322092699892
300408,PUENTE,66,5,300558,GANESHA,66,5,22.16647429190498
300390,HINSON,230,7,300627,IMPERIAL TERMINAL TOWER,138,4,22.03909382747475
304073,STATION B (CENTURY),230,8,307274,CAMERON,69,1,22.02097734951632
302187,DEL AMO,230,10,310504,BANDINI,66,2,21.82955496380993
300390,HINSON,230,7,304073,STATION B (CENTURY),230,8,21.806850249992152
307512,GRAYSON,230,2,307785,WABASH,69,4,21.79678381435317
307274,CAMERON,69,1,308471,TORRANCE,66,2,21.77321789161777
301558,EAGLE ROCK,230,9,308907,NEWMARK,66,3,21.60708441350702
300390,HINSON,230,7,308471,TORRANCE,66,2,21.5590907920936
302164,BRIGHTON,115,2,304450,HARBORGEN,230,4,21.179665007737302
303169,LIGHTPIPE,230,9,309758,YUKON,66,5,21.07502262323936
300232,CENTER,230,7,306279,OLINDA,230,10,20.921363370753166
304073,STATION B (CENTURY),230,8,308471,TORRANCE,66,2,20.777019285461225
308471,TORRANCE,66,2,308581,STATION Q (HARBOR),138,3,20.623242885881904
303169,LIGHTPIPE,230,9,308471,TORRANCE,66,2,20.546387351888665
301156,BEVERLY,66,4,308494,AIRWAY,230,6,20.42425129706449
306279,OLINDA,230,10,307564,JOSE,66,0,20.40168477311998
306369,LA MIRADA,66,1,307373,HAYNES,230,6,20.19833016732273
302164,BRIGHTON,115,2,307274,CAMERON,69,1,20.153235887084065
306060,LAGUNA BELL,230,12,306224,LAKEWOOD,66,2,20.10386234948137
300429,STATION E (TOLUCA),500,15,301214,OLIVE,230,2,20.097178569833183
300390,HINSON,230,7,302164,BRIGHTON,115,2,19.939108787559896
309758,YUKON,66,5,310179,WILMINGTON (STATION C),138,8,19.90006380783669
304450,HARBORGEN,230,4,306844,LA FRESA,230,12,19.632764318239506
306369,LA MIRADA,66,1,307039,ALAMITOS,230,7,19.483807108969746
301636,SAN FERNANDO,66,1,310199,SYLMAR WEST,230,11,19.30344923723744
300627,IMPERIAL TERMINAL TOWER,138,4,303169,LIGHTPIPE,230,9,19.287746276365045
300232,CENTER,230,7,306369,LA MIRADA,66,1,19.18885771187115
303169,LIGHTPIPE,230,9,307373,HAYNES,230,6,19.17741751163226
307785,WABASH,69,4,310527,STATION A (ST. JOHN),230,5,18.768709595661623
301214,OLIVE,230,2,301636,SAN FERNANDO,66,1,18.695232068019017
306844,LA FRESA,230,12,307274,CAMERON,69,1,18.606335197586265
304450,HARBORGEN,230,4,308806,MOBILOIL,66,3,18.599145271889867
303169,LIGHTPIPE,230,9,307039,ALAMITOS,230,7,18.46289445327928
303169,LIGHTPIPE,230,9,306450,VERNON,66,3,18.459253718337685
300390,HINSON,230,7,306844,LA FRESA,230,12,18.3922080980621
300429,STATION E (TOLUCA),500,15,310527,STATION A (ST. JOHN),230,5,18.28025118459684
300627,IMPERIAL TERMINAL TOWER,138,4,310179,WILMINGTON (STATION C),138,8,18.266079856064447
304073,STATION B (CENTURY),230,8,310179,WILMINGTON (STATION C),138,8,18.03383627858184
303540,CARSON,66,1,309758,YUKON,66,5,17.965957265189573
303099,STATION D (FAIRFAX),138,8,310204,EL NIDO,230,7,17.93582796459645
301156,BEVERLY,66,4,306768,UNKNOWN306768,230,0,17.86354825921084
306768,UNKNOWN306768,230,0,310527,STATION A (ST. JOHN),230,5,17.809309121155266
307274,CAMERON,69,1,308806,MOBILOIL,66,3,17.572716151236623
300408,PUENTE,66,5,305984,RIO HONDO,230,8,17.56906839754622
308471,TORRANCE,66,2,310179,WILMINGTON (STATION C),138,8,17.40580793256477
301558,EAGLE ROCK,230,9,307785,WABASH,69,4,17.36530127381794
300390,HINSON,230,7,308806,MOBILOIL,66,3,17.358589051712453
300232,CENTER,230,7,306450,VERNON,66,3,17.236332010545112
302187,DEL AMO,230,10,306060,LAGUNA BELL,230,12,17.211518829662015
302164,BRIGHTON,115,2,303169,LIGHTPIPE,230,9,17.187761236450186
301543,SEPLUVEDA,66,0,303099,STATION D (FAIRFAX),138,8,17.136052637994368
301156,BEVERLY,66,4,309663,TAHITI,230,1,17.12986167617045
303169,LIGHTPIPE,230,9,308269,STATION F (VELASCO & KINETIC),230,7,16.95279191627941
300105,WALNUT,230,5,301541,MESA,230,9,16.680345465116837
304073,STATION B (CENTURY),230,8,308806,MOBILOIL,66,3,16.576517545080087
306060,LAGUNA BELL,230,12,307564,JOSE,66,0,16.470983527465545
308581,STATION Q (HARBOR),138,3,308806,MOBILOIL,66,3,16.422741145500755
303169,LIGHTPIPE,230,9,308806,MOBILOIL,66,3,16.34588561150752
308786,LA CIENEGA,230,3,309663,TAHITI,230,1,16.2686845632156
300105,WALNUT,230,5,305984,RIO HONDO,230,8,16.256469923221406
301636,SAN FERNANDO,66,1,307693,RINALDI,500,16,16.253194616256998
300627,IMPERIAL TERMINAL TOWER,138,4,303540,CARSON,66,1,16.178680918315248
302164,BRIGHTON,115,2,310179,WILMINGTON (STATION C),138,8,16.1660948161496
301100,UNKNOWN301100,230,1,302171,SAWTELLE,66,2,16.00765599265942
304073,STATION B (CENTURY),230,8,306844,LA FRESA,230,12,15.863246306507913
303540,CARSON,66,1,308471,TORRANCE,66,2,15.82043998807044
300232,CENTER,230,7,307564,JOSE,66,0,15.80846474443695
300232,CENTER,230,7,304073,STATION B (CENTURY),230,8,15.75496131517719
300232,CENTER,230,7,308269,STATION F (VELASCO & KINETIC),230,7,15.729870208486846
303371,GOODRICH,230,5,305984,RIO HONDO,230,8,15.72455917157786
303169,LIGHTPIPE,230,9,306844,LA FRESA,230,12,15.640860546952387
301194,STATION G (ATWATER),230,8,307785,WABASH,69,4,15.559520013958558
301614,PULPGEN,66,3,303169,LIGHTPIPE,230,9,15.404741964395589
303169,LIGHTPIPE,230,9,304073,STATION B (CENTURY),230,8,15.24692518773338
303540,CARSON,66,1,304073,STATION B (CENTURY),230,8,15.08729373434874
304073,STATION B (CENTURY),230,8,304137,HALLDALE,138,3,14.962772879870045
300558,GANESHA,66,5,301517,NOGALES,66,0,14.896786584443795
303169,LIGHTPIPE,230,9,304137,HALLDALE,138,3,14.732140946297486
303169,LIGHTPIPE,230,9,310504,BANDINI,66,2,14.630154884785442
300429,STATION E (TOLUCA),500,15,301156,BEVERLY,66,4,14.42584013327536
303620,TARZANA(STATION U),230,7,309843,KENTER CANYON,230,2,14.334136241013791
300429,STATION E (TOLUCA),500,15,301636,SAN FERNANDO,66,1,14.2662217902224
301100,UNKNOWN301100,230,1,301105,STATION K (OLYMPIC),230,8,14.25407785883228
308471,TORRANCE,66,2,309156,FELTON,66,2,14.225015768873972
304137,HALLDALE,138,3,304450,HARBORGEN,230,4,14.20213537027169
300232,CENTER,230,7,301614,PULPGEN,66,3,14.181820256603022
302164,BRIGHTON,115,2,303540,CARSON,66,1,14.078695878400396
300829,GOULD,230,2,303371,GOODRICH,230,5,13.91811600638608
301558,EAGLE ROCK,230,9,310527,STATION A (ST. JOHN),230,5,13.889199678311398
301558,EAGLE ROCK,230,9,307512,GRAYSON,230,2,13.773314402599254
306444,STANHILL,66,0,310204,EL NIDO,230,7,13.72665025495396
301637,STATION N (AIRPORT),138,4,309758,YUKON,66,5,13.603908508905697
301156,BEVERLY,66,4,303099,STATION D (FAIRFAX),138,8,13.52063304043796
300232,CENTER,230,7,310504,BANDINI,66,2,13.407233176992875
308806,MOBILOIL,66,3,310179,WILMINGTON (STATION C),138,8,13.205306192183606
304137,HALLDALE,138,3,307274,CAMERON,69,1,13.175706249618448
304073,STATION B (CENTURY),230,8,309042,RIVER,230,9,13.077451018279897
303540,CARSON,66,1,310179,WILMINGTON (STATION C),138,8,13.077256981191056
300232,CENTER,230,7,306224,LAKEWOOD,66,2,12.996929156243922
300390,HINSON,230,7,304137,HALLDALE,138,3,12.961579150094282
300144,STATION 11,138,1,301156,BEVERLY,66,4,12.939664094928432
301543,SEPLUVEDA,66,0,306444,STANHILL,66,0,12.92687492835188
303099,STATION D (FAIRFAX),138,8,309663,TAHITI,230,1,12.913886800380832
304073,STATION B (CENTURY),230,8,306060,LAGUNA BELL,230,12,12.83109927540137
300429,STATION E (TOLUCA),500,15,301194,STATION G (ATWATER),230,8,12.82785376462796
301214,OLIVE,230,2,309569,STATION M(VALLEY),230,7,12.784533613842193
301543,SEPLUVEDA,66,0,309758,YUKON,66,5,12.615880613870818
309758,YUKON,66,5,310204,EL NIDO,230,7,12.593900864814747
302798,REPETTO,66,2,310504,BANDINI,66,2,12.55435634480924
303540,CARSON,66,1,306844,LA FRESA,230,12,12.5317951889026
300105,WALNUT,230,5,307564,JOSE,66,0,12.460011728217536
300232,CENTER,230,7,303169,LIGHTPIPE,230,9,12.45597230110574
301194,STATION G (ATWATER),230,8,306768,UNKNOWN306768,230,0,12.356911701186386
304137,HALLDALE,138,3,308581,STATION Q (HARBOR),138,3,12.340352778705569
300648,ROSEMEAD,66,4,305984,RIO HONDO,230,8,12.33486006876089
302187,DEL AMO,230,10,306369,LA MIRADA,66,1,12.098755720122922
300648,ROSEMEAD,66,4,302798,REPETTO,66,2,12.082566681749917
301543,SEPLUVEDA,66,0,306623,GRAMERCY,138,6,11.988621737640278
306623,GRAMERCY,138,6,310204,EL NIDO,230,7,11.966641988584207
302798,REPETTO,66,2,306060,LAGUNA BELL,230,12,11.934602047468276
300144,STATION 11,138,1,303099,STATION D (FAIRFAX),138,8,11.793987997477313
303540,CARSON,66,1,307274,CAMERON,69,1,11.761665442060847
307693,RINALDI,500,16,309569,STATION M(VALLEY),230,7,11.760583185328043
304137,HALLDALE,138,3,309758,YUKON,66,5,11.63708942454882
303540,CARSON,66,1,308806,MOBILOIL,66,3,11.619938247689287
301637,STATION N (AIRPORT),138,4,306623,GRAMERCY,138,6,11.59573810493397
300627,IMPERIAL TERMINAL TOWER,138,4,301637,STATION N (AIRPORT),138,4,11.452098218253212
308471,TORRANCE,66,2,310204,EL NIDO,230,7,11.451195697168584
303169,LIGHTPIPE,230,9,306224,LAKEWOOD,66,2,11.445173356968478
303169,LIGHTPIPE,230,9,306060,LAGUNA BELL,230,12,11.319874941181215
300829,GOULD,230,2,301558,EAGLE ROCK,230,9,11.196418456793824
306444,STANHILL,66,0,309156,FELTON,66,2,11.139568414694304
306623,GRAMERCY,138,6,306844,LA FRESA,230,12,11.092655448756526
302164,BRIGHTON,115,2,308471,TORRANCE,66,2,11.082744900509772
306224,LAKEWOOD,66,2,307373,HAYNES,230,6,10.660817347290084
300493,STATION J,230,4,307693,RINALDI,500,16,10.647782224575687
300105,WALNUT,230,5,306279,OLINDA,230,10,10.49479415248209
302171,SAWTELLE,66,2,309663,TAHITI,230,1,10.47960957976922
300627,IMPERIAL TERMINAL TOWER,138,4,301543,SEPLUVEDA,66,0,10.464070323218332
300627,IMPERIAL TERMINAL TOWER,138,4,310204,EL NIDO,230,7,10.44209057416226
306060,LAGUNA BELL,230,12,306450,VERNON,66,3,10.303216621058972
301614,PULPGEN,66,3,304073,STATION B (CENTURY),230,8,10.183886991971722
301105,STATION K (OLYMPIC),230,8,301156,BEVERLY,66,4,10.17836989259012
300429,STATION E (TOLUCA),500,15,309569,STATION M(VALLEY),230,7,10.150559591607667
303540,CARSON,66,1,304137,HALLDALE,138,3,10.00619358247925
306224,LAKEWOOD,66,2,307039,ALAMITOS,230,7,9.946294288937098
302187,DEL AMO,230,10,303169,LIGHTPIPE,230,9,9.932253471444184
300408,PUENTE,66,5,301517,NOGALES,66,0,9.92143805737456
302187,DEL AMO,230,10,307373,HAYNES,230,6,9.648898084743378
301156,BEVERLY,66,4,302171,SAWTELLE,66,2,9.60033160823411
301637,STATION N (AIRPORT),138,4,303099,STATION D (FAIRFAX),138,8,9.515492647085972
301636,SAN FERNANDO,66,1,309569,STATION M(VALLEY),230,7,9.34851402767476
301194,STATION G (ATWATER),230,8,301558,EAGLE ROCK,230,9,9.340133363022073
300232,CENTER,230,7,302187,DEL AMO,230,10,9.335392439572024
308907,NEWMARK,66,3,310504,BANDINI,66,2,9.193904128044853
309156,FELTON,66,2,309758,YUKON,66,5,9.16557454926911
304137,HALLDALE,138,3,308471,TORRANCE,66,2,9.150614240630803
304137,HALLDALE,138,3,310179,WILMINGTON (STATION C),138,8,9.122917825388422
304073,STATION B (CENTURY),230,8,306450,VERNON,66,3,9.107122188524093
305984,RIO HONDO,230,8,307564,JOSE,66,0,9.085979455269072
301541,MESA,230,9,307564,JOSE,66,0,9.06150072620111
301637,STATION N (AIRPORT),138,4,310204,EL NIDO,230,7,9.037071937620167
301105,STATION K (OLYMPIC),230,8,303099,STATION D (FAIRFAX),138,8,8.996755714359546
302171,SAWTELLE,66,2,303099,STATION D (FAIRFAX),138,8,8.952783745744982
301541,MESA,230,9,310504,BANDINI,66,2,8.946438720587391
302187,DEL AMO,230,10,307039,ALAMITOS,230,7,8.934375026390398
306844,LA FRESA,230,12,309156,FELTON,66,2,8.929132767345278
303169,LIGHTPIPE,230,9,307274,CAMERON,69,1,8.901593535209853
300232,CENTER,230,7,306060,LAGUNA BELL,230,12,8.752595037910261
300648,ROSEMEAD,66,4,308907,NEWMARK,66,3,8.747285551746725
301105,STATION K (OLYMPIC),230,8,309663,TAHITI,230,1,8.72603144594208
300429,STATION E (TOLUCA),500,15,308494,AIRWAY,230,6,8.603904388811104
300627,IMPERIAL TERMINAL TOWER,138,4,306844,LA FRESA,230,12,8.589923585612171
306060,LAGUNA BELL,230,12,308907,NEWMARK,66,3,8.57114989972729
306623,GRAMERCY,138,6,309156,FELTON,66,2,8.538315673038577
306768,UNKNOWN306768,230,0,308494,AIRWAY,230,6,8.463991451363242
301541,MESA,230,9,306060,LAGUNA BELL,230,12,8.272321871480873
301543,SEPLUVEDA,66,0,301637,STATION N (AIRPORT),138,4,8.237296611018087
301100,UNKNOWN301100,230,1,301637,STATION N (AIRPORT),138,4,7.836856236517011
300429,STATION E (TOLUCA),500,15,306768,UNKNOWN306768,230,0,7.75030083799086
302164,BRIGHTON,115,2,304137,HALLDALE,138,3,7.749828037759635
306060,LAGUNA BELL,230,12,308269,STATION F (VELASCO & KINETIC),230,7,7.610294323330248
304450,HARBORGEN,230,4,310179,WILMINGTON (STATION C),138,8,7.594193767904467
306450,VERNON,66,3,308269,STATION F (VELASCO & KINETIC),230,7,7.364916606289873
301558,EAGLE ROCK,230,9,304040,ARROYO,66,1,7.200990604184929
303099,STATION D (FAIRFAX),138,8,303899,STATION H (HOLLYWOOD),230,4,7.19221544609699
300648,ROSEMEAD,66,4,301541,MESA,230,9,7.155646812024085
301614,PULPGEN,66,3,306060,LAGUNA BELL,230,12,7.022388201312523
300627,IMPERIAL TERMINAL TOWER,138,4,309156,FELTON,66,2,7.0137642586166296
300648,ROSEMEAD,66,4,303371,GOODRICH,230,5,6.895055279778806
306450,VERNON,66,3,309042,RIVER,230,9,6.872776533812244
306844,LA FRESA,230,12,309758,YUKON,66,5,6.868222611780003
301194,STATION G (ATWATER),230,8,308494,AIRWAY,230,6,6.582811837689344
307274,CAMERON,69,1,310179,WILMINGTON (STATION C),138,8,6.567764647251225
309853,DOCK,66,2,310179,WILMINGTON (STATION C),138,8,6.461077909715863
301637,STATION N (AIRPORT),138,4,309156,FELTON,66,2,6.44999009736051
301100,UNKNOWN301100,230,1,309663,TAHITI,230,1,6.423054660181422
300390,HINSON,230,7,310179,WILMINGTON (STATION C),138,8,6.353637547727057
301194,STATION G (ATWATER),230,8,310527,STATION A (ST. JOHN),230,5,6.322476692253956
306844,LA FRESA,230,12,310204,EL NIDO,230,7,6.292780964195216
306623,GRAMERCY,138,6,309758,YUKON,66,5,6.283401000685973
302798,REPETTO,66,2,308907,NEWMARK,66,3,6.050981360531169
301614,PULPGEN,66,3,306450,VERNON,66,3,6.024247763139201
303169,LIGHTPIPE,230,9,303540,CARSON,66,1,5.995296345366255
308581,STATION Q (HARBOR),138,3,309853,DOCK,66,2,5.9158361937327975
300493,STATION J,230,4,303620,TARZANA(STATION U),230,7,5.858053704005098
301614,PULPGEN,66,3,309042,RIVER,230,9,5.769165159700719
302187,DEL AMO,230,10,306224,LAKEWOOD,66,2,5.606177297300513
302164,BRIGHTON,115,2,309758,YUKON,66,5,5.5944772668956455
301745,WINDSOR HILLS,66,0,303099,STATION D (FAIRFAX),138,8,5.563615445438121
302164,BRIGHTON,115,2,306844,LA FRESA,230,12,5.435676032893881
304073,STATION B (CENTURY),230,8,306623,GRAMERCY,138,6,5.41447110533073
303099,STATION D (FAIRFAX),138,8,306444,STANHILL,66,0,5.390817669100811
301637,STATION N (AIRPORT),138,4,306444,STANHILL,66,0,5.306314937443488
306060,LAGUNA BELL,230,12,310504,BANDINI,66,2,5.287657291836277
306489,SYLMAR EAST,230,1,307693,RINALDI,500,16,5.242457067691309
301543,SEPLUVEDA,66,0,309156,FELTON,66,2,5.200880328372919
308471,TORRANCE,66,2,308806,MOBILOIL,66,3,5.134890344413389
301214,OLIVE,230,2,307693,RINALDI,500,16,5.023777408304147
304137,HALLDALE,138,3,308806,MOBILOIL,66,3,4.9501125002496495
301614,PULPGEN,66,3,310504,BANDINI,66,2,4.909121804780862
303620,TARZANA(STATION U),230,7,308991,STATION T,230,3,4.811090326998903
304450,HARBORGEN,230,4,307274,CAMERON,69,1,4.801399211576453
307693,RINALDI,500,16,310199,SYLMAR WEST,230,11,4.684715467621476
300390,HINSON,230,7,304450,HARBORGEN,230,4,4.587272112052284
308269,STATION F (VELASCO & KINETIC),230,7,310504,BANDINI,66,2,4.559223924235374
300144,STATION 11,138,1,302171,SAWTELLE,66,2,4.001331218764707
301100,UNKNOWN301100,230,1,301543,SEPLUVEDA,66,0,3.985848456495827
308269,STATION F (VELASCO & KINETIC),230,7,309042,RIVER,230,9,3.9575988127372375
300627,IMPERIAL TERMINAL TOWER,138,4,302164,BRIGHTON,115,2,3.8300803170730666
308581,STATION Q (HARBOR),138,3,310179,WILMINGTON (STATION C),138,8,3.811039680969933
300627,IMPERIAL TERMINAL TOWER,138,4,309758,YUKON,66,5,3.780669137541616
301543,SEPLUVEDA,66,0,310204,EL NIDO,230,7,3.5776688370912364
309156,FELTON,66,2,310204,EL NIDO,230,7,3.575732960516405
309042,RIVER,230,9,310527,STATION A (ST. JOHN),230,5,3.3845904441578427
301543,SEPLUVEDA,66,0,307832,UNKNOWN307832,230,0,3.38058421177158
302798,REPETTO,66,2,307785,WABASH,69,4,3.2209531088944976
306768,UNKNOWN306768,230,0,308206,NICHOLS CANYON,230,3,3.108100796290364
303899,STATION H (HOLLYWOOD),230,4,308206,NICHOLS CANYON,230,3,2.952940390057267
303303,HUGHTRON,66,1,308471,TORRANCE,66,2,2.8906459346997155
300144,STATION 11,138,1,301105,STATION K (OLYMPIC),230,8,2.8642036287216768
300627,IMPERIAL TERMINAL TOWER,138,4,306623,GRAMERCY,138,6,2.587242545608471
300144,STATION 11,138,1,309843,KENTER CANYON,230,2,2.5350438056779767
301108,CHEVMAIN,230,5,309703,EL SEGUNDO,230,2,2.476681213758785
302923,UNKNOWN302923,66,1,309703,EL SEGUNDO,230,2,2.4279567308906853
301105,STATION K (OLYMPIC),230,8,302171,SAWTELLE,66,2,2.352755736493468
300390,HINSON,230,7,306365,ARCOGEN,230,2,2.308139134481784
301541,MESA,230,9,308907,NEWMARK,66,3,2.297078531853836
301614,PULPGEN,66,3,308269,STATION F (VELASCO & KINETIC),230,7,2.2540592123775576
307557,ROSECRANS,66,1,307832,UNKNOWN307832,230,0,2.1350342993647904
300105,WALNUT,230,5,300408,PUENTE,66,5,2.00122657789198
309553,STATION L (SCATTERGOOD),230,2,309703,EL SEGUNDO,230,2,1.8585179455326413
301105,STATION K (OLYMPIC),230,8,306694,COLORADO,66,2,1.8048981097046024
301108,CHEVMAIN,230,5,302923,UNKNOWN302923,66,1,1.7226527421214446
304450,HARBORGEN,230,4,308540,LONG BEACH,230,4,1.5617901156369678
301745,WINDSOR HILLS,66,0,306444,STANHILL,66,0,1.552881875087985
301100,UNKNOWN301100,230,1,309553,STATION L (SCATTERGOOD),230,2,1.4972049897866664
301214,OLIVE,230,2,310199,SYLMAR WEST,230,11,1.4959671723131
306844,LA FRESA,230,12,308806,MOBILOIL,66,3,1.395820293480544
308367,FUEL,230,1,309853,DOCK,66,2,1.3509430675133267
307832,UNKNOWN307832,230,0,310204,EL NIDO,230,7,1.335214131799969
301745,WINDSOR HILLS,66,0,305885,LA BREA,138,8,1.3161035880703758
300390,HINSON,230,7,307274,CAMERON,69,1,1.1338481760312669
307039,ALAMITOS,230,7,307373,HAYNES,230,6,1.0310529343281862
306489,SYLMAR EAST,230,1,310199,SYLMAR WEST,230,11,0.8929586450584633
303344,CHEVGEN,66,2,305780,THERMAS,66,0,0.8879405096420163
301214,OLIVE,230,2,306489,SYLMAR EAST,230,1,0.7744134788848472
302297,TRISONIC,66,1,306091,DOUGLAS,66,1,0.7245175807489578
306444,STANHILL,66,0,308786,LA CIENEGA,230,3,0.5803725849260367
301108,CHEVMAIN,230,5,307557,ROSECRANS,66,1,0.5382851253437774
302923,UNKNOWN302923,66,1,303344,CHEVGEN,66,2,0.4452649050047783
307512,GRAYSON,230,2,308494,AIRWAY,230,6,0.3971275929254044
