src,tgt,length_km,path_nodes_count,decision,blocker_tolerance_m,debug_search_radius_m,nearest_internal_substation_id,nearest_internal_substation_name,nearest_internal_distance_to_path_m,nearest_internal_distance_along_path_m,path_length_km,within_blocker_tolerance
301156,308494,20.424251297064494,151,accepted,300.0,1000.0,307512,GRAYSON,339.5939889748625,77.33555105302494,20.424251297064494,False
307512,308494,0.39712759292540445,4,accepted,300.0,1000.0,,,,,0.39712759292540445,False
308494,309843,33.48286194340174,259,blocked_by_near_substation,300.0,1000.0,300144,STATION 11,17.930268039182533,30948.3974381001,33.48286194340174,True
302171,308494,27.623408799973436,195,blocked_by_near_substation,300.0,1000.0,301156,BEVERLY,245.9532031166341,20141.172559284998,27.623408799973436,True
300144,308494,30.962741286667754,214,blocked_by_near_substation,300.0,1000.0,301156,BEVERLY,245.9532031166341,20141.172559284998,30.962741286667754,True
300429,308494,8.603904388811104,44,accepted,300.0,1000.0,307512,GRAYSON,339.5939889748625,77.33555105302494,8.603904388811104,False
301194,308494,6.582811837689344,28,accepted,300.0,1000.0,307512,GRAYSON,302.49848797839854,517.2786859999949,6.582811837689344,False
301105,308494,28.201447084329445,196,blocked_by_near_substation,300.0,1000.0,301156,BEVERLY,245.9532031166341,20141.172559284998,28.201447084329445,True
306768,308494,8.463991451363242,59,accepted,300.0,1000.0,307512,GRAYSON,339.5939889748625,77.33555105302494,8.463991451363242,False
306365,307039,26.684057398032753,153,blocked_by_near_substation,300.0,1000.0,300390,HINSON,127.45723735120436,24528.362359094477,26.684057398032753,True
307039,307274,24.74751262416218,157,accepted,300.0,1000.0,300390,HINSON,371.5600951153317,24403.12123732706,24.74751262416218,False
302187,307039,8.934375026390398,57,accepted,300.0,1000.0,,,,,8.934375026390398,False
304450,307039,25.797594248339,147,accepted,300.0,1000.0,,,,,25.797594248339,False
307039,307373,1.0310529343281862,6,accepted,300.0,1000.0,,,,,1.0310529343281862,False
300390,307039,24.534324038154146,149,accepted,300.0,1000.0,,,,,24.534324038154146,False
306369,307039,19.483807108969746,130,accepted,300.0,1000.0,,,,,19.483807108969746,False
306224,307039,9.946294288937098,52,accepted,300.0,1000.0,,,,,9.946294288937098,False
303169,307039,18.462894453279276,95,accepted,300.0,1000.0,302187,DEL AMO,621.250627807325,8627.40827867307,18.462894453279276,False
307039,308540,27.29071200355553,150,blocked_by_near_substation,300.0,1000.0,304450,HARBORGEN,92.64880905457912,25741.67729979649,27.29071200355553,True
306279,307039,33.88363032318888,259,accepted,300.0,1000.0,,,,,33.88363032318888,False
304073,307039,32.6174603383619,170,accepted,300.0,1000.0,302187,DEL AMO,621.250627807325,8627.40827867307,32.6174603383619,False
307039,310179,27.563959684013774,162,accepted,300.0,1000.0,,,,,27.563959684013774,False
302164,306365,22.08657752452031,126,blocked_by_near_substation,300.0,1000.0,300390,HINSON,127.45723735120436,2155.6950389382805,22.08657752452031,True
304137,306365,15.109047887054698,83,blocked_by_near_substation,300.0,1000.0,300390,HINSON,127.45723735120436,2155.6950389382805,15.109047887054698,True
304450,306365,6.73474084901271,32,blocked_by_near_substation,300.0,1000.0,300390,HINSON,127.45723735120436,2155.6950389382805,6.73474084901271,True
300390,306365,2.308139134481784,11,accepted,300.0,1000.0,307274,CAMERON,483.0991840994467,2218.3301450056115,2.308139134481784,False
300627,306365,24.186562564435167,130,blocked_by_near_substation,300.0,1000.0,300390,HINSON,127.45723735120436,2155.6950389382805,24.186562564435167,True
306365,306844,20.53967683502252,110,blocked_by_near_substation,300.0,1000.0,300390,HINSON,127.45723735120436,2155.6950389382805,20.53967683502252,True
303169,306365,12.301876838629093,58,blocked_by_near_substation,300.0,1000.0,307274,CAMERON,35.902555367165796,3479.6680366877513,12.301876838629093,True
306365,308540,8.263972476085444,38,blocked_by_near_substation,300.0,1000.0,304450,HARBORGEN,92.64880905457912,6714.937772326409,8.263972476085444,True
306365,308806,19.506057788672873,115,blocked_by_near_substation,300.0,1000.0,300390,HINSON,127.45723735120436,2155.6950389382805,19.506057788672873,True
304073,306365,23.95431898695257,122,blocked_by_near_substation,300.0,1000.0,300390,HINSON,127.45723735120436,2155.6950389382805,23.95431898695257,True
306365,308471,23.70655952905402,140,blocked_by_near_substation,300.0,1000.0,300390,HINSON,127.45723735120436,2155.6950389382805,23.70655952905402,True
306365,310179,8.50110628468748,47,blocked_by_near_substation,300.0,1000.0,300390,HINSON,127.45723735120436,2155.6950389382805,8.50110628468748,True
306365,309758,25.973838911309496,141,blocked_by_near_substation,300.0,1000.0,300390,HINSON,127.45723735120436,2155.6950389382805,25.973838911309496,True
301558,304040,7.200990604184929,60,accepted,300.0,1000.0,,,,,7.200990604184929,False
300232,310504,13.407233176992877,103,accepted,300.0,1000.0,,,,,13.407233176992877,False
302187,310504,21.829554963809926,146,accepted,300.0,1000.0,300232,CENTER,460.95907659755557,12935.443191787806,21.829554963809926,False
304137,310504,29.26554635054722,187,accepted,300.0,1000.0,303169,LIGHTPIPE,980.2882903987321,13683.754141627414,29.26554635054722,False
307564,310504,18.981112967203508,114,blocked_by_near_substation,300.0,1000.0,301541,MESA,233.78623432412041,8847.767911367888,18.981112967203508,True
306844,310504,30.1660197771851,194,accepted,300.0,1000.0,303169,LIGHTPIPE,980.2882903987321,13683.754141627414,30.1660197771851,False
306369,310504,31.69416612550547,224,accepted,300.0,1000.0,300232,CENTER,459.9691419036726,12972.501093658571,31.69416612550547,False
306060,310504,5.287657291836277,37,accepted,300.0,1000.0,,,,,5.287657291836277,False
306224,310504,24.721898483629285,190,accepted,300.0,1000.0,,,,,24.721898483629285,False
303169,310504,14.630154884785442,88,accepted,300.0,1000.0,,,,,14.630154884785442,False
301541,310504,8.946438720587391,60,accepted,300.0,1000.0,,,,,8.946438720587391,False
308806,310504,30.879291015757257,196,accepted,300.0,1000.0,303169,LIGHTPIPE,980.2882903987321,13683.754141627414,30.879291015757257,False
308907,310504,9.193904128044853,59,accepted,300.0,1000.0,,,,,9.193904128044853,False
306279,310504,32.02485398976168,238,accepted,300.0,1000.0,,,,,32.02485398976168,False
300408,310504,27.299782701007345,163,blocked_by_near_substation,300.0,1000.0,300105,WALNUT,193.8184176191819,25441.20703929742,27.299782701007345,True
301614,310504,4.909121804780862,40,accepted,300.0,1000.0,308269,STATION F (VELASCO & KINETIC),833.9222495779484,3669.00143916001,4.909121804780862,False
302798,310504,12.55435634480924,102,accepted,300.0,1000.0,,,,,12.55435634480924,False
305984,310504,26.37462760287557,129,blocked_by_near_substation,300.0,1000.0,307564,JOSE,192.5283675377389,17394.42520613412,26.37462760287557,True
308269,310504,4.559223924235374,31,accepted,300.0,1000.0,,,,,4.559223924235374,False
308471,310504,35.0797927561384,221,accepted,300.0,1000.0,308806,MOBILOIL,365.2299319355559,30536.4200260644,35.0797927561384,False
300105,310504,25.55809007957584,142,blocked_by_near_substation,300.0,1000.0,301541,MESA,233.78623432412041,8847.767911367888,25.55809007957584,True
301156,309843,15.459784751662419,121,blocked_by_near_substation,300.0,1000.0,300144,STATION 11,17.930268039182533,12925.320246360776,15.459784751662419,True
301156,309042,33.13639925332075,207,blocked_by_near_substation,300.0,1000.0,310527,STATION A (ST. JOHN),168.56063250182225,29717.978979504864,33.13639925332075,True
301156,302171,9.60033160823411,57,accepted,300.0,1000.0,,,,,9.60033160823411,False
300144,301156,12.939664094928432,76,accepted,300.0,1000.0,301105,STATION K (OLYMPIC),348.53178292471415,9951.606430325703,12.939664094928432,False
301156,310527,29.769568966856536,195,accepted,300.0,1000.0,301194,STATION G (ATWATER),405.5297735874795,23882.13191074511,29.769568966856536,False
301156,303099,13.520633040437959,70,accepted,300.0,1000.0,,,,,13.520633040437959,False
300429,301156,14.425840133275361,90,accepted,300.0,1000.0,,,,,14.425840133275361,False
301156,301194,24.317171546887643,146,accepted,300.0,1000.0,,,,,24.317171546887643,False
301105,301156,10.17836989259012,58,accepted,300.0,1000.0,,,,,10.17836989259012,False
301156,309663,17.12986167617045,110,accepted,300.0,1000.0,,,,,17.12986167617045,False
301100,301156,22.657908089060665,136,accepted,300.0,1000.0,309663,TAHITI,401.6364090873937,16695.54580487304,22.657908089060665,False
301156,306768,17.86354825921084,119,accepted,300.0,1000.0,,,,,17.86354825921084,False
302164,307274,20.153235887084065,132,accepted,300.0,1000.0,300390,HINSON,371.5600951153317,19808.844500248946,20.153235887084065,False
302164,303540,14.078695878400397,75,accepted,300.0,1000.0,,,,,14.078695878400397,False
302164,304137,7.749828037759635,53,accepted,300.0,1000.0,,,,,7.749828037759635,False
302164,304450,21.179665007737302,121,accepted,300.0,1000.0,,,,,21.179665007737302,False
300390,302164,19.939108787559896,118,accepted,300.0,1000.0,,,,,19.939108787559896,False
300627,302164,3.8300803170730666,23,accepted,300.0,1000.0,,,,,3.8300803170730666,False
302164,306844,5.435676032893881,31,accepted,300.0,1000.0,,,,,5.435676032893881,False
302164,303169,17.187761236450186,117,accepted,300.0,1000.0,,,,,17.187761236450186,False
302164,308540,22.729346001899295,126,blocked_by_near_substation,300.0,1000.0,304450,HARBORGEN,92.64880905457912,21180.311298140256,22.729346001899295,True
302164,308471,11.082744900509772,69,accepted,300.0,1000.0,308806,MOBILOIL,365.2299319355559,6539.372170435756,11.082744900509772,False
302164,310179,16.1660948161496,96,accepted,300.0,1000.0,,,,,16.1660948161496,False
302164,309758,5.5944772668956455,27,accepted,300.0,1000.0,,,,,5.5944772668956455,False
303540,307274,11.761665442060849,55,accepted,300.0,1000.0,,,,,11.761665442060849,False
304137,307274,13.175706249618448,89,accepted,300.0,1000.0,300390,HINSON,371.5600951153317,344.3913868351176,13.175706249618448,False
304450,307274,4.801399211576453,38,accepted,300.0,1000.0,300390,HINSON,371.5600951153317,344.3913868351176,4.801399211576453,False
300390,307274,1.1338481760312669,11,accepted,300.0,1000.0,,,,,1.1338481760312669,False
300627,307274,22.253220926998917,136,accepted,300.0,1000.0,300390,HINSON,371.5600951153317,344.3913868351176,22.253220926998917,False
306844,307274,18.606335197586265,116,accepted,300.0,1000.0,300390,HINSON,371.5600951153317,344.3913868351176,18.606335197586265,False
303169,307274,8.901593535209853,40,accepted,300.0,1000.0,,,,,8.901593535209853,False
307274,308540,6.327427702214864,42,blocked_by_near_substation,300.0,1000.0,304450,HARBORGEN,92.64880905457912,4778.392998455828,6.327427702214864,True
307274,308806,17.572716151236623,121,accepted,300.0,1000.0,300390,HINSON,371.5600951153317,344.3913868351176,17.572716151236623,False
304073,307274,22.02097734951632,128,accepted,300.0,1000.0,300390,HINSON,371.5600951153317,344.3913868351176,22.02097734951632,False
307274,308471,21.77321789161777,146,accepted,300.0,1000.0,308806,MOBILOIL,365.2299319355559,17229.845161543763,21.77321789161777,False
306450,307274,26.026565211798374,150,accepted,300.0,1000.0,,,,,26.026565211798374,False
307274,310179,6.567764647251225,53,accepted,300.0,1000.0,300390,HINSON,371.5600951153317,344.3913868351176,6.567764647251225,False
307274,309758,24.04049727387324,147,accepted,300.0,1000.0,300390,HINSON,371.5600951153317,344.3913868351176,24.04049727387324,False
303540,304137,10.00619358247925,48,accepted,300.0,1000.0,,,,,10.00619358247925,False
303540,304450,16.53270020073593,90,blocked_by_near_substation,300.0,1000.0,307274,CAMERON,5.407243247752024,11760.71347548513,16.53270020073593,True
300390,303540,12.865149165190745,63,blocked_by_near_substation,300.0,1000.0,307274,CAMERON,5.407243247752024,11760.71347548513,12.865149165190745,True
300627,303540,16.178680918315248,79,accepted,300.0,1000.0,,,,,16.178680918315248,False
303540,306844,12.5317951889026,59,accepted,300.0,1000.0,,,,,12.5317951889026,False
303169,303540,5.995296345366255,40,accepted,300.0,1000.0,,,,,5.995296345366255,False
303540,308540,18.05872869137434,94,blocked_by_near_substation,300.0,1000.0,307274,CAMERON,5.407243247752024,11760.71347548513,18.05872869137434,True
303540,308806,11.619938247689287,57,accepted,300.0,1000.0,,,,,11.619938247689287,False
303540,304073,15.08729373434874,69,accepted,300.0,1000.0,,,,,15.08729373434874,False
303540,308471,15.82043998807044,82,accepted,300.0,1000.0,308806,MOBILOIL,365.2299319355559,11277.067257996427,15.82043998807044,False
303540,306450,23.120268021954786,150,accepted,300.0,1000.0,,,,,23.120268021954786,False
303540,310179,13.077256981191056,64,accepted,300.0,1000.0,,,,,13.077256981191056,False
303540,309758,17.965957265189573,90,accepted,300.0,1000.0,,,,,17.965957265189573,False
300232,302187,9.335392439572024,52,accepted,300.0,1000.0,,,,,9.335392439572024,False
300232,307564,15.832067956873962,103,accepted,300.0,1000.0,,,,,15.832067956873962,False
300232,306369,19.18885771187115,129,accepted,300.0,1000.0,,,,,19.18885771187115,False
300232,306060,8.752595037910261,54,accepted,300.0,1000.0,,,,,8.752595037910261,False
300232,306224,12.996929156243922,88,accepted,300.0,1000.0,,,,,12.996929156243922,False
300232,303169,12.455972301105739,87,accepted,300.0,1000.0,,,,,12.455972301105739,False
300232,306279,20.921363370753166,165,accepted,300.0,1000.0,,,,,20.921363370753166,False
300232,300408,24.150737690677797,152,blocked_by_near_substation,300.0,1000.0,300105,WALNUT,193.8184176191819,22292.162028967872,24.150737690677797,True
300232,301614,14.181820256603022,113,accepted,300.0,1000.0,,,,,14.181820256603022,False
300232,305984,24.22119522593189,123,blocked_by_near_substation,300.0,1000.0,307564,JOSE,43.330792141920675,15146.528198208327,24.22119522593189,True
300232,304073,15.75496131517719,98,accepted,300.0,1000.0,,,,,15.75496131517719,False
300232,308269,15.729870208486846,105,accepted,300.0,1000.0,310504,BANDINI,909.7599803514302,11808.962015059866,15.729870208486846,False
300232,306450,17.236332010545112,141,accepted,300.0,1000.0,,,,,17.236332010545112,False
300105,300232,22.409045069246293,131,accepted,300.0,1000.0,307564,JOSE,763.7472531073961,14701.934107922621,22.409045069246293,False
303344,309703,2.6949661208779827,24,blocked_by_near_substation,300.0,1000.0,302923,UNKNOWN302923,269.9098187584613,264.53834439569266,2.6949661208779827,True
303344,309553,3.258742776924915,29,blocked_by_near_substation,300.0,1000.0,302923,UNKNOWN302923,269.9098187584613,264.53834439569266,3.258742776924915,True
303344,305780,0.8879405096420163,5,accepted,300.0,1000.0,,,,,0.8879405096420163,False
302923,303344,0.44526490500477833,4,accepted,300.0,1000.0,,,,,0.44526490500477833,False
301108,309703,2.4766812137587855,22,accepted,300.0,1000.0,302923,UNKNOWN302923,784.1985485715205,877.9740148602589,2.4766812137587855,False
301108,307557,0.5382851253437774,6,accepted,300.0,1000.0,,,,,0.5382851253437774,False
301108,302923,1.7226527421214446,14,accepted,300.0,1000.0,,,,,1.7226527421214446,False
301105,306694,1.8048981097046022,18,accepted,300.0,1000.0,,,,,1.8048981097046022,False
302187,307373,9.648898084743378,57,accepted,300.0,1000.0,307039,ALAMITOS,330.1018026468176,8756.087577529763,9.648898084743378,False
302187,306369,12.098755720122922,70,accepted,300.0,1000.0,,,,,12.098755720122922,False
302187,306060,17.211518829662015,108,accepted,300.0,1000.0,300232,CENTER,460.95907659755557,8894.11177202212,17.211518829662015,False
302187,306224,5.606177297300513,40,accepted,300.0,1000.0,,,,,5.606177297300513,False
302187,303169,9.932253471444184,76,accepted,300.0,1000.0,,,,,9.932253471444184,False
302187,306279,26.498578934342067,199,accepted,300.0,1000.0,,,,,26.498578934342067,False
301614,302187,22.604142043420065,156,accepted,300.0,1000.0,300232,CENTER,460.95907659755557,8894.11177202212,22.604142043420065,False
302187,304073,24.084573564235892,147,accepted,300.0,1000.0,,,,,24.084573564235892,False
302187,308269,24.1521919953039,148,accepted,300.0,1000.0,300232,CENTER,460.95907659755557,8894.11177202212,24.1521919953039,False
302187,306450,25.65865379736217,184,accepted,300.0,1000.0,300232,CENTER,460.95907659755557,8894.11177202212,25.65865379736217,False
308367,309853,1.3509430675133267,11,accepted,300.0,1000.0,,,,,1.3509430675133267,False
308581,309853,5.9158361937327975,61,accepted,300.0,1000.0,,,,,5.9158361937327975,False
309853,310179,6.461077909715863,60,accepted,300.0,1000.0,,,,,6.461077909715863,False
306091,309156,4.34336474676301,36,blocked_by_near_substation,300.0,1000.0,302297,TRISONIC,212.75626097453238,171.445180743016,4.34336474676301,True
306091,306623,11.131106156030368,58,blocked_by_near_substation,300.0,1000.0,302297,TRISONIC,212.75626097453238,171.445180743016,11.131106156030368,True
300627,306091,9.606554741608418,57,blocked_by_near_substation,300.0,1000.0,302297,TRISONIC,212.75626097453238,171.445180743016,9.606554741608418,True
305885,306091,13.103926213908398,98,blocked_by_near_substation,300.0,1000.0,301745,WINDSOR HILLS,70.63012387876863,12391.052358493724,13.103926213908398,True
306091,308786,12.493483790329101,95,blocked_by_near_substation,300.0,1000.0,306444,STANHILL,78.08408650632371,11991.235276072519,12.493483790329101,True
301543,306091,2.0902935148917168,17,blocked_by_near_substation,300.0,1000.0,302297,TRISONIC,218.5565120298216,71.11525855960501,2.0902935148917168,True
306091,306444,12.069359346741972,94,blocked_by_near_substation,300.0,1000.0,302297,TRISONIC,212.75626097453238,171.445180743016,12.069359346741972,True
303099,306091,16.27853705638446,113,blocked_by_near_substation,300.0,1000.0,302297,TRISONIC,212.75626097453238,171.445180743016,16.27853705638446,True
301637,306091,7.379781029408178,53,blocked_by_near_substation,300.0,1000.0,302297,TRISONIC,212.75626097453238,171.445180743016,7.379781029408178,True
302297,306091,0.7245175807489578,9,accepted,300.0,1000.0,,,,,0.7245175807489578,False
301100,306091,5.1901015003720286,54,blocked_by_near_substation,300.0,1000.0,302297,TRISONIC,218.5565120298216,71.11525855960501,5.1901015003720286,True
301745,306091,11.825893600159526,109,blocked_by_near_substation,300.0,1000.0,305885,LA BREA,52.71741717561434,11033.402882592265,11.825893600159526,True
306091,309758,11.758365032260906,70,blocked_by_near_substation,300.0,1000.0,302297,TRISONIC,212.75626097453238,171.445180743016,11.758365032260906,True
300829,301558,11.196418456793824,40,accepted,300.0,1000.0,,,,,11.196418456793824,False
301558,307512,13.715793236608182,110,accepted,300.0,1000.0,,,,,13.715793236608182,False
301558,308907,21.60708441350702,182,accepted,300.0,1000.0,,,,,21.60708441350702,False
301558,309042,17.256029964775617,105,blocked_by_near_substation,300.0,1000.0,310527,STATION A (ST. JOHN),168.56063250182225,13837.609690959725,17.256029964775617,True
300648,301558,24.58479035814086,194,accepted,300.0,1000.0,,,,,24.58479035814086,False
301558,310527,13.889199678311398,93,accepted,300.0,1000.0,,,,,13.889199678311398,False
301194,301558,9.340133363022073,85,accepted,300.0,1000.0,,,,,9.340133363022073,False
301558,309569,25.299412282970398,91,accepted,300.0,1000.0,,,,,25.299412282970398,False
301558,310199,39.35214695746267,133,accepted,300.0,1000.0,,,,,39.35214695746267,False
301558,307785,17.36530127381794,136,accepted,300.0,1000.0,310527,STATION A (ST. JOHN),997.1563889057853,13308.732323847324,17.36530127381794,False
309156,310204,3.555636595180627,17,accepted,300.0,1000.0,,,,,3.555636595180627,False
306623,310204,11.966641988584207,66,accepted,300.0,1000.0,309156,FELTON,450.5770398132478,2733.790601429264,11.966641988584207,False
300627,310204,10.442090574162261,65,accepted,300.0,1000.0,309156,FELTON,450.5770398132478,2733.790601429264,10.442090574162261,False
305885,310204,14.761217122120389,112,blocked_by_near_substation,300.0,1000.0,301745,WINDSOR HILLS,70.63012387876863,14048.343266705713,14.761217122120389,True
308786,310204,14.15077469854109,109,blocked_by_near_substation,300.0,1000.0,306444,STANHILL,78.08408650632371,13648.526184284508,14.15077469854109,True
306844,310204,6.272684598859437,28,accepted,300.0,1000.0,,,,,6.272684598859437,False
301543,310204,3.5776688370912364,23,accepted,300.0,1000.0,307832,UNKNOWN307832,626.6136575129748,1152.4903796215933,3.5776688370912364,False
306444,310204,13.726650254953961,108,accepted,300.0,1000.0,301637,STATION N (AIRPORT),398.8484395944716,8754.665328945426,13.726650254953961,False
303099,310204,17.93582796459645,127,accepted,300.0,1000.0,301637,STATION N (AIRPORT),398.8484395944716,8754.665328945426,17.93582796459645,False
301637,310204,9.037071937620167,67,accepted,300.0,1000.0,309156,FELTON,450.5770398132478,2733.790601429264,9.037071937620167,False
308471,310204,11.56658917421115,66,accepted,300.0,1000.0,,,,,11.56658917421115,False
307832,310204,1.335214131799969,10,accepted,300.0,1000.0,,,,,1.335214131799969,False
301745,310204,13.189083994758231,143,blocked_by_near_substation,300.0,1000.0,305885,LA BREA,80.1938029846316,12369.079750474568,13.189083994758231,True
309758,310204,12.593900864814747,78,accepted,300.0,1000.0,309156,FELTON,450.5770398132478,2733.790601429264,12.593900864814747,False
307557,309703,2.888712822841664,22,blocked_by_near_substation,300.0,1000.0,301108,CHEVMAIN,58.492870691279315,2460.662468571435,2.888712822841664,True
309553,309703,1.8585179455326415,18,accepted,300.0,1000.0,303344,CHEVGEN,689.5299936675825,255.50440309317568,1.8585179455326415,False
302923,309703,2.4279567308906853,25,accepted,300.0,1000.0,301108,CHEVMAIN,881.3946483981457,1590.9926012640135,2.4279567308906853,False
306623,309156,8.538315673038577,33,accepted,300.0,1000.0,300627,IMPERIAL TERMINAL TOWER,489.0995383183839,6482.418693023366,8.538315673038577,False
300627,309156,7.0137642586166296,32,accepted,300.0,1000.0,,,,,7.0137642586166296,False
305885,309156,12.174135281860728,83,blocked_by_near_substation,300.0,1000.0,301745,WINDSOR HILLS,70.63012387876863,11461.261426446054,12.174135281860728,True
308786,309156,11.563692858281431,80,blocked_by_near_substation,300.0,1000.0,306444,STANHILL,78.08408650632371,11061.444344024849,11.563692858281431,True
306844,309156,8.929132767345278,41,accepted,300.0,1000.0,310204,EL NIDO,461.9905474564624,3081.255128182789,8.929132767345278,False
301543,309156,5.148406869336892,38,accepted,300.0,1000.0,306091,DOUGLAS,326.2064385943558,2685.188645066929,5.148406869336892,False
306444,309156,11.139568414694303,79,accepted,300.0,1000.0,301637,STATION N (AIRPORT),398.8484395944716,6167.583488685769,11.139568414694303,False
301637,309156,6.44999009736051,38,accepted,300.0,1000.0,,,,,6.44999009736051,False
308471,309156,14.533987161584406,82,accepted,300.0,1000.0,310204,EL NIDO,461.9905474564624,3081.255128182789,14.533987161584406,False
302297,309156,4.518074425990389,39,blocked_by_near_substation,300.0,1000.0,306091,DOUGLAS,255.89397057221652,4485.371520920658,4.518074425990389,True
301745,309156,9.760757679212603,110,blocked_by_near_substation,300.0,1000.0,305885,LA BREA,80.1938029846316,8940.753434928938,9.760757679212603,True
309156,309758,9.16557454926911,45,accepted,300.0,1000.0,300627,IMPERIAL TERMINAL TOWER,743.848068052799,6199.036344301448,9.16557454926911,False
304450,308367,1.6544978018889747,8,blocked_by_near_substation,300.0,1000.0,308540,LONG BEACH,150.81823570324855,68.32081690852598,1.6544978018889747,True
300558,303371,43.56985398500446,280,accepted,300.0,1000.0,305984,RIO HONDO,349.08416055587224,28324.30293762414,43.56985398500446,False
300558,300829,57.38486651064409,322,blocked_by_near_substation,300.0,1000.0,303371,GOODRICH,64.3142625731781,43505.63260384526,57.38486651064409,True
300558,301517,14.896786584443797,92,accepted,300.0,1000.0,,,,,14.896786584443797,False
300558,306279,29.666982563297694,123,accepted,300.0,1000.0,,,,,29.666982563297694,False
300408,300558,22.16647429190498,119,accepted,300.0,1000.0,301517,NOGALES,399.8268854022348,15045.104931975828,22.16647429190498,False
300558,305984,28.038178616496634,158,accepted,300.0,1000.0,,,,,28.038178616496634,False
300558,300648,40.18015488218747,243,accepted,300.0,1000.0,305984,RIO HONDO,349.08416055587224,28324.30293762414,40.18015488218747,False
300829,303371,13.918116006386079,50,accepted,300.0,1000.0,,,,,13.918116006386079,False
301541,303371,13.971000851739225,64,blocked_by_near_substation,300.0,1000.0,300648,ROSEMEAD,57.16190098559964,6853.214575746764,13.971000851739225,True
303371,308907,15.562639591461867,74,blocked_by_near_substation,300.0,1000.0,300648,ROSEMEAD,57.16190098559964,6853.214575746764,15.562639591461867,True
303371,305984,15.724559171577859,122,accepted,300.0,1000.0,,,,,15.724559171577859,False
300648,303371,6.895055279778806,31,accepted,300.0,1000.0,,,,,6.895055279778806,False
300829,301541,27.786013377378822,106,blocked_by_near_substation,300.0,1000.0,300648,ROSEMEAD,57.16190098559964,20668.227101386372,27.786013377378822,True
300829,308907,29.377652117101462,116,blocked_by_near_substation,300.0,1000.0,300648,ROSEMEAD,57.16190098559964,20668.227101386372,29.377652117101462,True
300829,305984,29.539571697217472,164,blocked_by_near_substation,300.0,1000.0,303371,GOODRICH,64.3142625731781,13879.233906798807,29.539571697217472,True
300648,300829,20.710067805418415,73,blocked_by_near_substation,300.0,1000.0,303371,GOODRICH,64.3142625731781,13879.233906798807,20.710067805418415,True
300829,309569,28.364981879469948,100,accepted,300.0,1000.0,,,,,28.364981879469948,False
300829,310199,42.41771655396222,142,accepted,300.0,1000.0,,,,,42.41771655396222,False
300627,306623,2.587242545608471,12,accepted,300.0,1000.0,,,,,2.587242545608471,False
306623,308786,11.12052562790096,87,blocked_by_near_substation,300.0,1000.0,306444,STANHILL,78.08408650632371,10618.277113644379,11.12052562790096,True
306623,306844,11.092655448756526,48,accepted,300.0,1000.0,300627,IMPERIAL TERMINAL TOWER,489.0995383183839,2055.8969800152086,11.092655448756526,False
301543,306623,11.93614827860425,60,accepted,300.0,1000.0,306091,DOUGLAS,326.2064385943558,9472.930054334287,11.93614827860425,False
306444,306623,10.696401184313832,86,blocked_by_near_substation,300.0,1000.0,305885,LA BREA,139.7049037917456,8373.102801768788,10.696401184313832,True
304073,306623,5.41447110533073,30,accepted,300.0,1000.0,,,,,5.41447110533073,False
301637,306623,11.59573810493397,81,accepted,300.0,1000.0,305885,LA BREA,858.6670188513511,7741.081488291414,11.59573810493397,False
302297,306623,11.30581583525775,61,blocked_by_near_substation,300.0,1000.0,306091,DOUGLAS,255.89397057221652,11273.11293018802,11.30581583525775,True
301745,306623,9.307227283724671,93,blocked_by_near_substation,300.0,1000.0,305885,LA BREA,80.1938029846316,8487.223039441007,9.307227283724671,True
306623,309758,6.283401000685973,33,accepted,300.0,1000.0,300627,IMPERIAL TERMINAL TOWER,489.0995383183839,2055.8969800152086,6.283401000685973,False
300648,307512,35.03836852742275,287,accepted,300.0,1000.0,,,,,35.03836852742275,False
307512,307785,21.796783814353166,172,accepted,300.0,1000.0,301194,STATION G (ATWATER),680.3925998491534,6649.544332086008,21.796783814353166,False
304137,304450,14.20213537027169,78,accepted,300.0,1000.0,,,,,14.20213537027169,False
300390,304137,12.961579150094282,75,accepted,300.0,1000.0,,,,,12.961579150094282,False
304137,307564,40.89204333180913,246,accepted,300.0,1000.0,303169,LIGHTPIPE,980.2882903987322,15581.79220891983,40.89204333180913,False
304137,306844,6.0432546766272015,37,blocked_by_near_substation,300.0,1000.0,308806,MOBILOIL,151.66741502069428,4799.063536016425,6.0432546766272015,True
304137,306060,25.9771530874901,168,accepted,300.0,1000.0,303169,LIGHTPIPE,980.2882903987322,15581.79220891983,25.9771530874901,False
303169,304137,14.732140946297486,77,accepted,300.0,1000.0,,,,,14.732140946297486,False
304137,308540,15.751816364433685,83,blocked_by_near_substation,300.0,1000.0,304450,HARBORGEN,92.64880905457912,14202.781660674646,15.751816364433685,True
304137,308806,4.9501125002496495,28,accepted,300.0,1000.0,,,,,4.9501125002496495,False
300408,304137,49.210713065612985,295,blocked_by_near_substation,300.0,1000.0,300105,WALNUT,193.8184176191819,47352.13740390307,49.210713065612985,True
304137,305984,49.05247296133096,262,blocked_by_near_substation,300.0,1000.0,307564,JOSE,43.330792141920675,39977.805933607415,49.05247296133096,True
304073,304137,14.962772879870043,76,accepted,300.0,1000.0,,,,,14.962772879870043,False
304137,308581,12.340352778705567,74,accepted,300.0,1000.0,310179,WILMINGTON (STATION C),392.2592148182917,8853.565393425539,12.340352778705567,False
304137,308471,9.150614240630805,53,accepted,300.0,1000.0,308806,MOBILOIL,365.2299319355559,4607.24151055679,9.150614240630805,False
300105,304137,47.469020444181496,274,accepted,300.0,1000.0,307564,JOSE,763.7472531073961,39761.909482857795,47.469020444181496,False
304137,310179,9.122917825388422,64,accepted,300.0,1000.0,,,,,9.122917825388422,False
304137,309758,11.63708942454882,68,accepted,300.0,1000.0,,,,,11.63708942454882,False
300390,304450,4.587272112052284,24,accepted,300.0,1000.0,,,,,4.587272112052284,False
300627,304450,23.279650047652158,125,accepted,300.0,1000.0,,,,,23.279650047652158,False
304450,306844,19.632764318239502,105,accepted,300.0,1000.0,,,,,19.632764318239502,False
303169,304450,13.583568853055342,68,blocked_by_near_substation,300.0,1000.0,307274,CAMERON,35.902555367165796,4761.360051113997,13.583568853055342,True
304450,308540,1.5617901156369678,5,accepted,300.0,1000.0,,,,,1.5617901156369678,False
304450,308806,18.599145271889867,110,accepted,300.0,1000.0,304137,HALLDALE,556.3328609488469,15064.584644003233,18.599145271889867,False
304073,304450,23.04740647016956,117,accepted,300.0,1000.0,,,,,23.04740647016956,False
304450,308471,22.799647012271013,135,accepted,300.0,1000.0,308806,MOBILOIL,365.2299319355559,18256.274282197006,22.799647012271013,False
304450,306450,30.797599970473456,185,blocked_by_near_substation,300.0,1000.0,307274,CAMERON,5.407243247752024,4771.9867252508,30.797599970473456,True
304450,310179,7.594193767904467,42,accepted,300.0,1000.0,,,,,7.594193767904467,False
304450,309758,25.06692639452648,136,accepted,300.0,1000.0,,,,,25.06692639452648,False
306369,307373,20.19833016732273,130,accepted,300.0,1000.0,307039,ALAMITOS,330.1018026468176,892.8105072136153,20.19833016732273,False
306224,307373,10.660817347290083,52,accepted,300.0,1000.0,307039,ALAMITOS,330.1018026468176,892.8105072136153,10.660817347290083,False
303169,307373,19.17741751163226,95,accepted,300.0,1000.0,307039,ALAMITOS,330.1018026468176,892.8105072136153,19.17741751163226,False
306279,307373,34.59815338154187,259,accepted,300.0,1000.0,307039,ALAMITOS,330.1018026468176,892.8105072136153,34.59815338154187,False
304073,307373,33.33198339671489,170,accepted,300.0,1000.0,307039,ALAMITOS,330.1018026468176,892.8105072136153,33.33198339671489,False
300390,300627,22.03909382747475,122,accepted,300.0,1000.0,,,,,22.03909382747475,False
300390,306844,18.3922080980621,102,accepted,300.0,1000.0,,,,,18.3922080980621,False
300390,303169,10.005077258339742,48,blocked_by_near_substation,300.0,1000.0,307274,CAMERON,5.407243247752024,1104.4356897056148,10.005077258339742,True
300390,308540,6.114239116206833,34,blocked_by_near_substation,300.0,1000.0,304450,HARBORGEN,92.64880905457912,4565.204412447797,6.114239116206833,True
300390,308806,17.358589051712453,107,accepted,300.0,1000.0,304137,HALLDALE,556.3328609488469,13824.028423825821,17.358589051712453,False
300390,304073,21.806850249992152,114,accepted,300.0,1000.0,,,,,21.806850249992152,False
300390,308471,21.5590907920936,132,accepted,300.0,1000.0,308806,MOBILOIL,365.2299319355559,17015.718062019594,21.5590907920936,False
300390,306450,27.130048934928265,158,blocked_by_near_substation,300.0,1000.0,307274,CAMERON,5.407243247752024,1104.4356897056148,27.130048934928265,True
300390,310179,6.353637547727057,39,accepted,300.0,1000.0,,,,,6.353637547727057,False
300390,309758,23.826370174349066,133,accepted,300.0,1000.0,,,,,23.826370174349066,False
303303,308471,2.8906459346997155,15,accepted,300.0,1000.0,,,,,2.8906459346997155,False
300627,306844,8.589923585612171,38,accepted,300.0,1000.0,309758,YUKON,815.1988111211134,2751.1850556868912,8.589923585612171,False
300627,303169,19.287746276365045,121,accepted,300.0,1000.0,,,,,19.287746276365045,False
300627,308540,24.82933104181415,130,blocked_by_near_substation,300.0,1000.0,304450,HARBORGEN,92.64880905457912,23280.296338055112,24.82933104181415,True
300627,301543,10.411596864182306,59,accepted,300.0,1000.0,306091,DOUGLAS,326.2064385943558,7948.37863991234,10.411596864182306,False
300627,301637,11.452098218253212,67,accepted,300.0,1000.0,,,,,11.452098218253212,False
300627,302297,9.781264420835805,60,blocked_by_near_substation,300.0,1000.0,306091,DOUGLAS,255.89397057221652,9748.561515766074,9.781264420835805,True
300627,310179,18.266079856064447,100,accepted,300.0,1000.0,,,,,18.266079856064447,False
300627,309758,3.7806691375416155,23,accepted,300.0,1000.0,,,,,3.7806691375416155,False
306844,307564,41.792516758446986,253,accepted,300.0,1000.0,303169,LIGHTPIPE,980.2882903987321,25310.25112288932,41.792516758446986,False
306369,307564,34.462703110370015,252,accepted,300.0,1000.0,,,,,34.462703110370015,False
306060,307564,16.723284379438653,106,accepted,300.0,1000.0,,,,,16.723284379438653,False
303169,307564,26.23476518550027,146,accepted,300.0,1000.0,,,,,26.23476518550027,False
301541,307564,10.103368352744509,53,accepted,300.0,1000.0,,,,,10.103368352744509,False
307564,308806,42.50578799701917,255,accepted,300.0,1000.0,303169,LIGHTPIPE,980.2882903987321,25310.25112288932,42.50578799701917,False
300408,307564,10.76881717697762,78,blocked_by_near_substation,300.0,1000.0,300105,WALNUT,193.8184176191819,8910.241515267708,10.76881717697762,True
305984,307564,14.295765097340139,74,accepted,300.0,1000.0,,,,,14.295765097340139,False
304073,307564,27.78027728145394,152,accepted,300.0,1000.0,,,,,27.78027728145394,False
307564,308471,46.70628973740034,280,accepted,300.0,1000.0,308806,MOBILOIL,365.2299319355559,42162.917007326316,46.70628973740034,False
300105,307564,9.027124555546129,57,accepted,300.0,1000.0,,,,,9.027124555546129,False
309042,309843,46.195009899658,315,blocked_by_near_substation,300.0,1000.0,300144,STATION 11,17.930268039182536,2534.4645053016434,46.195009899658,True
302171,309843,6.521451875498692,69,blocked_by_near_substation,300.0,1000.0,300144,STATION 11,17.930268039182536,2534.4645053016434,6.521451875498692,True
300144,309843,2.5350438056779767,48,accepted,300.0,1000.0,,,,,2.5350438056779767,False
309843,310527,42.828179613193804,303,blocked_by_near_substation,300.0,1000.0,300144,STATION 11,17.930268039182536,2534.4645053016434,42.828179613193804,True
303099,309843,14.3141086542113,115,blocked_by_near_substation,300.0,1000.0,300144,STATION 11,17.930268039182536,2534.4645053016434,14.3141086542113,True
300429,309843,27.48445077961262,198,blocked_by_near_substation,300.0,1000.0,300144,STATION 11,17.930268039182536,2534.4645053016434,27.48445077961262,True
301194,309843,37.37578219322489,254,blocked_by_near_substation,300.0,1000.0,300144,STATION 11,17.930268039182536,2534.4645053016434,37.37578219322489,True
301105,309843,5.396993288016607,63,blocked_by_near_substation,300.0,1000.0,300144,STATION 11,17.930268039182536,2534.4645053016434,5.396993288016607,True
303620,309843,14.334136241013791,51,accepted,300.0,1000.0,,,,,14.334136241013791,False
305885,308786,2.6403312702118797,16,blocked_by_near_substation,300.0,1000.0,301745,WINDSOR HILLS,70.63012387876863,712.8738554146757,2.6403312702118797,True
301543,305885,13.908968336482276,100,blocked_by_near_substation,300.0,1000.0,301745,WINDSOR HILLS,70.63012387876863,712.8738554146757,13.908968336482276,True
305885,306444,2.216206826624751,15,blocked_by_near_substation,300.0,1000.0,301745,WINDSOR HILLS,70.63012387876863,712.8738554146757,2.216206826624751,True
303099,305885,6.251641361333832,30,blocked_by_near_substation,300.0,1000.0,301745,WINDSOR HILLS,70.63012387876863,712.8738554146757,6.251641361333832,True
301637,305885,6.340881804609914,40,blocked_by_near_substation,300.0,1000.0,301745,WINDSOR HILLS,70.63012387876863,712.8738554146757,6.340881804609914,True
302297,305885,13.278635893135775,101,blocked_by_near_substation,300.0,1000.0,301745,WINDSOR HILLS,70.63012387876863,712.8738554146757,13.278635893135775,True
301100,305885,13.771251560211534,79,blocked_by_near_substation,300.0,1000.0,301745,WINDSOR HILLS,70.63012387876863,712.8738554146757,13.771251560211534,True
301745,305885,2.4179240349452273,25,accepted,300.0,1000.0,306444,STANHILL,610.7736148288211,1552.306249582754,2.4179240349452273,False
306844,308786,19.215094953868032,175,blocked_by_near_substation,300.0,1000.0,306444,STANHILL,78.08408650632371,502.24851425658267,19.215094953868032,True
301543,308786,13.298525912902978,97,blocked_by_near_substation,300.0,1000.0,306444,STANHILL,78.08408650632371,502.24851425658267,13.298525912902978,True
306444,308786,0.5803725849260367,6,accepted,300.0,1000.0,,,,,0.5803725849260367,False
303099,308786,5.814942112687938,31,blocked_by_near_substation,300.0,1000.0,306444,STANHILL,78.08408650632371,502.24851425658267,5.814942112687938,True
301637,308786,5.7304393810306165,37,blocked_by_near_substation,300.0,1000.0,306444,STANHILL,78.08408650632371,502.24851425658267,5.7304393810306165,True
308786,309663,16.2686845632156,137,accepted,300.0,1000.0,,,,,16.2686845632156,False
302297,308786,12.668193469556478,98,blocked_by_near_substation,300.0,1000.0,306444,STANHILL,78.08408650632371,502.24851425658267,12.668193469556478,True
301100,308786,13.160809136632235,76,blocked_by_near_substation,300.0,1000.0,306444,STANHILL,78.08408650632371,502.24851425658267,13.160809136632235,True
301745,308786,1.982818528837312,25,blocked_by_near_substation,300.0,1000.0,306444,STANHILL,78.08408650632371,502.24851425658267,1.982818528837312,True
308786,309758,17.02301638342037,124,blocked_by_near_substation,300.0,1000.0,306444,STANHILL,78.08408650632371,502.24851425658267,17.02301638342037,True
306060,306844,26.877626514127957,175,accepted,300.0,1000.0,303169,LIGHTPIPE,980.2882903987322,16482.26563555769,26.877626514127957,False
303169,306844,15.640860546952387,101,accepted,300.0,1000.0,,,,,15.640860546952387,False
306844,308540,21.1824453124015,110,blocked_by_near_substation,300.0,1000.0,304450,HARBORGEN,92.64880905457912,19633.41060864246,21.1824453124015,True
306844,308806,1.3958202934805441,11,accepted,300.0,1000.0,,,,,1.3958202934805441,False
300408,306844,50.11118649225084,302,blocked_by_near_substation,300.0,1000.0,300105,WALNUT,193.8184176191819,48252.61083054092,50.11118649225084,True
305984,306844,49.952946387968815,269,blocked_by_near_substation,300.0,1000.0,307564,JOSE,43.330792141920675,40878.279360245266,49.952946387968815,True
301543,306844,9.725182912840022,54,blocked_by_near_substation,300.0,1000.0,310204,EL NIDO,179.03570298322637,6271.750062935519,9.725182912840022,True
306444,306844,18.790970510280903,174,blocked_by_near_substation,300.0,1000.0,309156,FELTON,94.75686731619956,7618.075127352846,18.790970510280903,True
304073,306844,15.863246306507913,83,accepted,300.0,1000.0,,,,,15.863246306507913,False
301637,306844,14.45745248942253,109,blocked_by_near_substation,300.0,1000.0,309156,FELTON,94.75686731619956,7618.075127352846,14.45745248942253,True
306844,308581,17.515883321878306,97,blocked_by_near_substation,300.0,1000.0,308806,MOBILOIL,151.66741502069428,1244.1911406107765,17.515883321878306,True
306844,308471,6.450313407837931,39,blocked_by_near_substation,300.0,1000.0,308806,MOBILOIL,151.03650197213074,1260.894548192288,6.450313407837931,True
300105,306844,48.36949387081934,281,accepted,300.0,1000.0,307564,JOSE,763.7472531073961,40662.382909495645,48.36949387081934,False
306844,310179,14.29844836856116,87,blocked_by_near_substation,300.0,1000.0,308806,MOBILOIL,151.66741502069428,1244.1911406107765,14.29844836856116,True
301745,306844,17.40179660969173,181,blocked_by_near_substation,300.0,1000.0,305885,LA BREA,80.1938029846316,16581.792365408073,17.40179660969173,True
306844,309758,6.868222611780003,32,accepted,300.0,1000.0,,,,,6.868222611780003,False
306060,306369,27.076129991357554,186,accepted,300.0,1000.0,300232,CENTER,459.9691419036726,18721.66503184689,27.076129991357554,False
306279,306369,28.916114965836854,228,accepted,300.0,1000.0,,,,,28.916114965836854,False
301614,306369,32.46875320511561,234,accepted,300.0,1000.0,300232,CENTER,459.9691419036726,18721.66503184689,32.46875320511561,False
305984,306369,42.85183037942791,272,blocked_by_near_substation,300.0,1000.0,307564,JOSE,43.330792141920675,33777.16335170437,42.85183037942791,True
304073,306369,34.04189426368978,219,accepted,300.0,1000.0,300232,CENTER,459.9691419036726,18721.66503184689,34.04189426368978,False
306369,308269,34.016803156999444,226,accepted,300.0,1000.0,300232,CENTER,459.9691419036726,18721.66503184689,34.016803156999444,False
306369,306450,35.523264959057705,262,accepted,300.0,1000.0,300232,CENTER,459.9691419036726,18721.66503184689,35.523264959057705,False
300105,306369,39.31245846907839,259,blocked_by_near_substation,300.0,1000.0,306279,OLINDA,114.7944424666183,28895.870017928974,39.31245846907839,True
306060,306224,20.103862349481375,152,accepted,300.0,1000.0,,,,,20.103862349481375,False
303169,306060,11.319874941181215,68,accepted,300.0,1000.0,,,,,11.319874941181215,False
301541,306060,8.272321871480873,47,accepted,300.0,1000.0,,,,,8.272321871480873,False
306060,308806,27.590897752700133,177,accepted,300.0,1000.0,303169,LIGHTPIPE,980.2882903987321,10395.36087857027,27.590897752700133,False
306060,308907,8.57114989972729,49,accepted,300.0,1000.0,,,,,8.57114989972729,False
306060,306279,27.168488599117985,197,accepted,300.0,1000.0,,,,,27.168488599117985,False
300408,306060,25.041954113242497,155,blocked_by_near_substation,300.0,1000.0,300105,WALNUT,193.8184176191819,23183.37845153257,25.041954113242497,True
301614,306060,7.022388201312523,53,accepted,300.0,1000.0,,,,,7.022388201312523,False
302798,306060,11.934602047468276,93,accepted,300.0,1000.0,,,,,11.934602047468276,False
305984,306060,24.883714008960492,122,blocked_by_near_substation,300.0,1000.0,307564,JOSE,43.330792141920675,15809.046981236928,24.883714008960492,True
304073,306060,12.83109927540137,75,accepted,300.0,1000.0,,,,,12.83109927540137,False
306060,308269,7.610294323330248,39,accepted,300.0,1000.0,310504,BANDINI,909.7599803514302,3689.386129903266,7.610294323330248,False
306060,308471,31.79139949308128,202,accepted,300.0,1000.0,308806,MOBILOIL,365.2299319355559,27248.026763007274,31.79139949308128,False
306060,306450,10.258934494774529,68,accepted,300.0,1000.0,,,,,10.258934494774529,False
300105,306060,23.300261491810993,134,accepted,300.0,1000.0,307564,JOSE,763.7472531073961,15593.150530487317,23.300261491810993,False
303169,306224,11.445173356968478,65,accepted,300.0,1000.0,,,,,11.445173356968478,False
306224,306279,31.549801704801755,265,accepted,300.0,1000.0,,,,,31.549801704801755,False
301614,306224,25.496485563239442,200,accepted,300.0,1000.0,,,,,25.496485563239442,False
304073,306224,25.599739242051104,140,accepted,300.0,1000.0,,,,,25.599739242051104,False
306224,308269,27.044535515123275,192,accepted,300.0,1000.0,310504,BANDINI,909.7599803514302,23123.62732169629,27.044535515123275,False
306224,306450,28.550997317181547,228,accepted,300.0,1000.0,,,,,28.550997317181547,False
303169,308540,15.10959734369375,72,blocked_by_near_substation,300.0,1000.0,307274,CAMERON,35.902555367165796,8822.208801941342,15.10959734369375,True
303169,308806,16.34588561150752,86,accepted,300.0,1000.0,,,,,16.34588561150752,False
303169,306279,31.099171948040315,259,accepted,300.0,1000.0,,,,,31.099171948040315,False
300408,303169,34.553434919304095,195,blocked_by_near_substation,300.0,1000.0,300105,WALNUT,193.8184176191819,32694.859257594188,34.553434919304095,True
301614,303169,15.404741964395589,98,accepted,300.0,1000.0,,,,,15.404741964395589,False
303169,305984,34.39519481502211,162,blocked_by_near_substation,300.0,1000.0,307564,JOSE,43.330792141920675,25320.52778729854,34.39519481502211,True
303169,304073,15.24692518773338,86,accepted,300.0,1000.0,,,,,15.24692518773338,False
303169,308269,16.95279191627941,90,accepted,300.0,1000.0,310504,BANDINI,909.7599803514302,13031.883722852433,16.95279191627941,False
303169,308471,20.546387351888665,111,accepted,300.0,1000.0,308806,MOBILOIL,365.2299319355559,16003.014621814656,20.546387351888665,False
303169,306450,18.459253718337685,126,accepted,300.0,1000.0,,,,,18.459253718337685,False
300105,303169,32.81174229787261,174,accepted,300.0,1000.0,307564,JOSE,763.7472531073961,25104.63133654893,32.81174229787261,False
303169,310179,15.349934288730113,83,blocked_by_near_substation,300.0,1000.0,307274,CAMERON,35.902555367165796,8822.208801941342,15.349934288730113,True
303169,309758,21.075022623239356,132,accepted,300.0,1000.0,,,,,21.075022623239356,False
308540,308806,20.14882626605185,115,blocked_by_near_substation,300.0,1000.0,304450,HARBORGEN,92.64880905457912,1549.0347037590373,20.14882626605185,True
304073,308540,24.59708746433154,122,blocked_by_near_substation,300.0,1000.0,304450,HARBORGEN,92.64880905457912,1549.0347037590373,24.59708746433154,True
308471,308540,24.349328006432994,140,blocked_by_near_substation,300.0,1000.0,304450,HARBORGEN,92.64880905457912,1549.0347037590373,24.349328006432994,True
306450,308540,32.32362846111187,189,blocked_by_near_substation,300.0,1000.0,307274,CAMERON,5.407243247752024,6298.015215889212,32.32362846111187,True
308540,310179,9.143874762066458,47,blocked_by_near_substation,300.0,1000.0,304450,HARBORGEN,92.64880905457912,1549.0347037590373,9.143874762066458,True
308540,309758,26.616607388688475,141,blocked_by_near_substation,300.0,1000.0,304450,HARBORGEN,92.64880905457912,1549.0347037590373,26.616607388688475,True
301541,308907,2.2970785318538356,15,accepted,300.0,1000.0,,,,,2.2970785318538356,False
301541,306279,24.608273001110387,68,accepted,300.0,1000.0,,,,,24.608273001110387,False
300408,301541,18.422038086548337,102,blocked_by_near_substation,300.0,1000.0,300105,WALNUT,193.8184176191819,16563.462424838413,18.422038086548337,True
301541,305984,17.431577105487296,72,blocked_by_near_substation,300.0,1000.0,307564,JOSE,192.5283675377389,8451.374708745841,17.431577105487296,True
300648,301541,7.155646812024085,37,accepted,300.0,1000.0,,,,,7.155646812024085,False
300105,301541,16.680345465116837,81,accepted,300.0,1000.0,307564,JOSE,763.7472531073961,8973.234503793165,16.680345465116837,False
300408,308806,50.82445773082299,304,blocked_by_near_substation,300.0,1000.0,300105,WALNUT,193.8184176191819,48965.88206911308,50.82445773082299,True
305984,308806,50.66621762654097,271,blocked_by_near_substation,300.0,1000.0,307564,JOSE,43.330792141920675,41591.55059881743,50.66621762654097,True
304073,308806,16.576517545080087,85,accepted,300.0,1000.0,,,,,16.576517545080087,False
308581,308806,16.422741145500755,88,accepted,300.0,1000.0,310179,WILMINGTON (STATION C),392.2592148182917,12935.953760220724,16.422741145500755,False
308471,308806,5.134890344413389,30,accepted,300.0,1000.0,,,,,5.134890344413389,False
300105,308806,49.0827651093915,283,accepted,300.0,1000.0,307564,JOSE,763.7472531073961,41375.654148067806,49.0827651093915,False
308806,310179,13.205306192183606,78,accepted,300.0,1000.0,304137,HALLDALE,556.3328609488469,3534.560627886632,13.205306192183606,False
302798,308907,6.050981360531169,51,accepted,300.0,1000.0,,,,,6.050981360531169,False
300648,308907,8.747285551746725,47,accepted,300.0,1000.0,301541,MESA,343.9526966829012,1937.249356071392,8.747285551746725,False
303899,308206,2.952940390057267,24,accepted,300.0,1000.0,,,,,2.952940390057267,False
306768,308206,3.108100796290364,14,accepted,300.0,1000.0,,,,,3.108100796290364,False
300408,301517,9.92143805737456,58,accepted,300.0,1000.0,,,,,9.92143805737456,False
301614,306279,33.47027239653252,252,accepted,300.0,1000.0,,,,,33.47027239653252,False
304073,306279,36.03155108848006,237,accepted,300.0,1000.0,,,,,36.03155108848006,False
306279,308269,34.34749102125566,240,accepted,300.0,1000.0,310504,BANDINI,909.7599803514302,30426.58282782868,34.34749102125566,False
306279,306450,36.52478415047461,280,accepted,300.0,1000.0,,,,,36.52478415047461,False
300105,306279,10.49479415248209,31,accepted,300.0,1000.0,,,,,10.49479415248209,False
301214,307693,5.023777408304147,30,accepted,300.0,1000.0,,,,,5.023777408304147,False
301214,301636,18.695232068019017,117,accepted,300.0,1000.0,,,,,18.695232068019017,False
300429,301214,20.087237239677336,111,accepted,300.0,1000.0,301636,SAN FERNANDO,736.4316199494147,4695.987891292175,20.087237239677336,False
301214,309569,12.784533613842193,78,accepted,300.0,1000.0,301636,SAN FERNANDO,736.4316199494147,4695.987891292175,12.784533613842193,False
301214,306489,0.7744134788848472,13,accepted,300.0,1000.0,310199,SYLMAR WEST,643.448086641125,627.1653889142094,0.7744134788848472,False
301214,310199,1.4959671723131,14,accepted,300.0,1000.0,,,,,1.4959671723131,False
300408,305984,17.56906839754622,187,accepted,300.0,1000.0,,,,,17.56906839754622,False
300408,304073,36.098947015257764,201,blocked_by_near_substation,300.0,1000.0,300105,WALNUT,193.8184176191819,1858.5756617099196,36.098947015257764,True
300408,308471,55.024959471204234,329,blocked_by_near_substation,300.0,1000.0,300105,WALNUT,193.8184176191819,1858.5756617099196,55.024959471204234,True
300105,300408,2.00122657789198,23,accepted,300.0,1000.0,,,,,2.00122657789198,False
301614,309042,5.7691651597007185,35,accepted,300.0,1000.0,308269,STATION F (VELASCO & KINETIC),904.7395005349518,1205.1112715135848,5.7691651597007185,False
301614,304073,10.183886991971722,56,accepted,300.0,1000.0,,,,,10.183886991971722,False
301614,308269,2.2540592123775576,16,accepted,300.0,1000.0,,,,,2.2540592123775576,False
301614,306450,6.024247763139201,44,accepted,300.0,1000.0,,,,,6.024247763139201,False
300648,302798,12.082566681749917,83,accepted,300.0,1000.0,,,,,12.082566681749917,False
302798,307785,3.225069679164109,19,accepted,300.0,1000.0,,,,,3.225069679164109,False
301636,307693,16.253194616256998,90,accepted,300.0,1000.0,,,,,16.253194616256998,False
300429,307693,17.343833652340244,79,blocked_by_near_substation,300.0,1000.0,301636,SAN FERNANDO,171.65626216075583,2979.6188316638627,17.343833652340244,True
300493,307693,10.647782224575687,46,accepted,300.0,1000.0,,,,,10.647782224575687,False
307693,309569,11.760583185328045,79,accepted,300.0,1000.0,301636,SAN FERNANDO,736.4316199494147,3672.0374627780284,11.760583185328045,False
306489,307693,5.242457067691309,24,accepted,300.0,1000.0,310199,SYLMAR WEST,328.6401286218682,3862.956197796122,5.242457067691309,False
307693,310199,4.490628090849967,16,accepted,300.0,1000.0,,,,,4.490628090849967,False
300648,305984,12.33486006876089,85,accepted,300.0,1000.0,,,,,12.33486006876089,False
304073,305984,35.940706910975756,168,blocked_by_near_substation,300.0,1000.0,307564,JOSE,43.330792141920675,9074.667027723555,35.940706910975756,True
305984,308471,54.86671936692222,296,blocked_by_near_substation,300.0,1000.0,307564,JOSE,43.330792141920675,9074.667027723555,54.86671936692222,True
300105,305984,16.256469923221406,131,accepted,300.0,1000.0,,,,,16.256469923221406,False
302171,309042,40.33555675622968,251,blocked_by_near_substation,300.0,1000.0,310527,STATION A (ST. JOHN),168.56063250182225,3418.420273815885,40.33555675622968,True
300144,309042,43.674889242923996,270,blocked_by_near_substation,300.0,1000.0,310527,STATION A (ST. JOHN),168.56063250182225,3418.420273815885,43.674889242923996,True
309042,310527,3.3845904441578427,20,accepted,300.0,1000.0,,,,,3.3845904441578427,False
304073,309042,13.077451018279897,74,accepted,300.0,1000.0,,,,,13.077451018279897,False
300429,309042,21.64708147106105,116,blocked_by_near_substation,300.0,1000.0,310527,STATION A (ST. JOHN),168.56063250182225,3418.420273815885,21.64708147106105,True
308269,309042,3.9575988127372375,31,accepted,300.0,1000.0,,,,,3.9575988127372375,False
301194,309042,9.689306978718164,68,blocked_by_near_substation,300.0,1000.0,310527,STATION A (ST. JOHN),168.56063250182225,3418.420273815885,9.689306978718164,True
301105,309042,40.91359504058567,252,blocked_by_near_substation,300.0,1000.0,310527,STATION A (ST. JOHN),168.56063250182225,3418.420273815885,40.91359504058567,True
306768,309042,21.176139407619488,115,blocked_by_near_substation,300.0,1000.0,310527,STATION A (ST. JOHN),168.56063250182225,3418.420273815885,21.176139407619488,True
306450,309042,6.872776533812244,88,accepted,300.0,1000.0,,,,,6.872776533812244,False
307785,309042,22.13553988212583,151,blocked_by_near_substation,300.0,1000.0,310527,STATION A (ST. JOHN),168.56063250182225,3418.420273815885,22.13553988212583,True
302923,307557,2.158328438407228,20,blocked_by_near_substation,300.0,1000.0,301108,CHEVMAIN,58.492870691279315,428.05035427022904,2.158328438407228,True
307557,307832,2.0377498198726918,10,accepted,300.0,1000.0,,,,,2.0377498198726918,False
300648,301194,30.662708653836624,262,accepted,300.0,1000.0,,,,,30.662708653836624,False
300429,301636,14.256280460066543,80,accepted,300.0,1000.0,,,,,14.256280460066543,False
301636,309569,9.34851402767476,61,accepted,300.0,1000.0,,,,,9.34851402767476,False
301636,310199,19.30344923723744,112,accepted,300.0,1000.0,307693,RINALDI,974.9560586490123,15241.378470327885,19.30344923723744,False
300144,302171,4.001331218764707,24,accepted,300.0,1000.0,301105,STATION K (OLYMPIC),535.0606281035155,1762.7856403319713,4.001331218764707,False
302171,310527,36.968726469765464,239,blocked_by_near_substation,300.0,1000.0,301156,BEVERLY,245.9532031166341,7482.23624068844,36.968726469765464,True
302171,303099,8.952783745744982,52,accepted,300.0,1000.0,,,,,8.952783745744982,False
300429,302171,21.6249976361843,134,blocked_by_near_substation,300.0,1000.0,301156,BEVERLY,245.9532031166341,7482.23624068844,21.6249976361843,True
301194,302171,31.516329049796564,190,blocked_by_near_substation,300.0,1000.0,301156,BEVERLY,245.9532031166341,7482.23624068844,31.516329049796564,True
301105,302171,2.381147173355732,15,accepted,300.0,1000.0,,,,,2.381147173355732,False
302171,309663,10.479609579769221,75,accepted,300.0,1000.0,,,,,10.479609579769221,False
301100,302171,16.00765599265942,101,accepted,300.0,1000.0,309663,TAHITI,401.6364090873937,10045.293708471801,16.00765599265942,False
301543,306444,12.874401469315854,96,accepted,300.0,1000.0,306091,DOUGLAS,326.2064385943558,2463.2182242699646,12.874401469315854,False
301543,303099,17.08357917895834,115,accepted,300.0,1000.0,306091,DOUGLAS,326.2064385943558,2463.2182242699646,17.08357917895834,False
301543,301637,8.18482315198206,55,accepted,300.0,1000.0,306091,DOUGLAS,326.2064385943558,2463.2182242699646,8.18482315198206,False
301543,302297,1.838789310169572,12,blocked_by_near_substation,300.0,1000.0,306091,DOUGLAS,255.89397057221652,1806.0864050998412,1.838789310169572,True
301100,301543,3.985848456495827,44,accepted,300.0,1000.0,,,,,3.985848456495827,False
301543,307832,3.3805842117715796,21,accepted,300.0,1000.0,310204,EL NIDO,710.1788779303884,2821.6632888636645,3.3805842117715796,False
301543,301745,12.63093572273341,111,blocked_by_near_substation,300.0,1000.0,305885,LA BREA,52.71741717561434,11838.445005166148,12.63093572273341,True
301543,309758,12.563407154834794,72,accepted,300.0,1000.0,306091,DOUGLAS,326.2064385943558,2463.2182242699646,12.563407154834794,False
303099,306444,5.390817669100811,30,accepted,300.0,1000.0,301745,WINDSOR HILLS,822.4021277375368,677.6915671958646,5.390817669100811,False
301637,306444,5.306314937443488,36,accepted,300.0,1000.0,301745,WINDSOR HILLS,882.458393987481,984.691374763023,5.306314937443488,False
302297,306444,12.24406902596935,97,blocked_by_near_substation,300.0,1000.0,306091,DOUGLAS,255.89397057221652,12211.36612089962,12.24406902596935,True
301100,306444,12.736684693045108,75,blocked_by_near_substation,300.0,1000.0,301637,STATION N (AIRPORT),243.7191801354966,4986.263391644994,12.736684693045108,True
301745,306444,1.5586940852501834,24,accepted,300.0,1000.0,,,,,1.5586940852501834,False
306444,309758,16.59889193983324,123,blocked_by_near_substation,300.0,1000.0,305885,LA BREA,139.7049037917456,2323.298382545048,16.59889193983324,True
300144,310527,40.3080589564598,258,blocked_by_near_substation,300.0,1000.0,301156,BEVERLY,245.9532031166341,10821.568727382759,40.3080589564598,True
300144,303099,11.793987997477313,70,accepted,300.0,1000.0,301105,STATION K (OLYMPIC),348.53178292471415,2988.0576646027266,11.793987997477313,False
300144,300429,24.96433012287862,153,blocked_by_near_substation,300.0,1000.0,301156,BEVERLY,245.9532031166341,10821.568727382759,24.96433012287862,True
300144,301194,34.85566153649089,209,blocked_by_near_substation,300.0,1000.0,301156,BEVERLY,245.9532031166341,10821.568727382759,34.85566153649089,True
300144,301105,2.8642036287216768,16,accepted,300.0,1000.0,,,,,2.8642036287216768,False
300429,310527,18.28025118459684,104,accepted,300.0,1000.0,301194,STATION G (ATWATER),405.5297735874795,5887.437056111422,18.28025118459684,False
301194,310527,6.3224766922539555,56,accepted,300.0,1000.0,,,,,6.3224766922539555,False
301105,310527,37.54676475412145,240,blocked_by_near_substation,300.0,1000.0,301156,BEVERLY,245.9532031166341,29486.490229077022,37.54676475412145,True
306768,310527,17.809309121155266,103,accepted,300.0,1000.0,301194,STATION G (ATWATER),405.5297735874795,5887.437056111422,17.809309121155266,False
307785,310527,18.768709595661623,139,accepted,300.0,1000.0,,,,,18.768709595661623,False
304073,308269,12.278791155387497,70,blocked_by_near_substation,300.0,1000.0,301614,PULPGEN,109.54598690993247,10146.247290028723,12.278791155387497,True
304073,308471,20.777019285461222,110,accepted,300.0,1000.0,308806,MOBILOIL,365.2299319355559,16233.646555387213,20.777019285461222,False
304073,306450,9.107122188524091,60,accepted,300.0,1000.0,,,,,9.107122188524091,False
300105,304073,34.35725439382627,180,accepted,300.0,1000.0,307564,JOSE,763.7472531073961,26650.143432502595,34.35725439382627,False
304073,310179,18.03383627858184,92,accepted,300.0,1000.0,,,,,18.03383627858184,False
303099,303899,7.19221544609699,25,accepted,300.0,1000.0,,,,,7.19221544609699,False
301105,303099,8.996755714359546,55,accepted,300.0,1000.0,,,,,8.996755714359546,False
301637,303099,9.515492647085972,55,accepted,300.0,1000.0,306444,STANHILL,504.631460774994,4879.419663660884,9.515492647085972,False
303099,309663,12.913886800380833,87,accepted,300.0,1000.0,,,,,12.913886800380833,False
302297,303099,16.45324673561183,116,blocked_by_near_substation,300.0,1000.0,306091,DOUGLAS,255.89397057221652,16420.5438305421,16.45324673561183,True
301100,303099,16.945862402687588,94,blocked_by_near_substation,300.0,1000.0,301637,STATION N (AIRPORT),243.7191801354966,9195.441101287475,16.945862402687588,True
301745,303099,5.569427655600317,38,accepted,300.0,1000.0,306444,STANHILL,582.2473679917349,4519.33111526112,5.569427655600317,False
300429,301194,12.82785376462796,55,accepted,300.0,1000.0,,,,,12.82785376462796,False
300429,301105,22.203035920540312,135,blocked_by_near_substation,300.0,1000.0,301156,BEVERLY,245.9532031166341,14142.761395495865,22.203035920540312,True
300429,309569,10.150559591607669,60,accepted,300.0,1000.0,,,,,10.150559591607669,False
300429,310199,20.415761495122503,101,blocked_by_near_substation,300.0,1000.0,301636,SAN FERNANDO,171.65626216075583,14364.214820676389,20.415761495122503,True
300429,309663,29.154527704120625,187,blocked_by_near_substation,300.0,1000.0,301156,BEVERLY,245.9532031166341,14142.761395495865,29.154527704120625,True
300429,301100,34.68257411701084,213,blocked_by_near_substation,300.0,1000.0,301156,BEVERLY,245.9532031166341,14142.761395495865,34.68257411701084,True
300429,306768,7.75030083799086,38,accepted,300.0,1000.0,,,,,7.75030083799086,False
306450,308269,7.364916606289873,95,accepted,300.0,1000.0,,,,,7.364916606289873,False
301105,301194,32.094367334152594,191,blocked_by_near_substation,300.0,1000.0,301156,BEVERLY,245.9532031166341,24034.092809108148,32.094367334152594,True
301194,306768,12.356911701186386,54,accepted,300.0,1000.0,,,,,12.356911701186386,False
301194,307785,15.559520013958558,117,accepted,300.0,1000.0,310527,STATION A (ST. JOHN),997.1563889057853,11502.951063987943,15.559520013958558,False
300493,303620,5.858053704005098,29,accepted,300.0,1000.0,,,,,5.858053704005098,False
301105,309663,8.72603144594208,57,accepted,300.0,1000.0,,,,,8.72603144594208,False
301100,301105,14.254077858832279,83,accepted,300.0,1000.0,309663,TAHITI,401.6364090873937,8291.71557464466,14.254077858832279,False
301100,309553,1.4972049897866664,11,accepted,300.0,1000.0,,,,,1.4972049897866664,False
301637,302297,7.554490708635556,56,blocked_by_near_substation,300.0,1000.0,306091,DOUGLAS,255.89397057221652,7521.787803565825,7.554490708635556,True
301100,301637,7.836856236517011,53,accepted,300.0,1000.0,,,,,7.836856236517011,False
301637,301745,5.062849190861043,51,blocked_by_near_substation,300.0,1000.0,305885,LA BREA,52.71741717561434,4270.358473293784,5.062849190861043,True
301637,309758,13.603908508905695,80,accepted,300.0,1000.0,300627,IMPERIAL TERMINAL TOWER,743.848068052799,10637.370303938029,13.603908508905695,False
308471,308581,20.623242885881904,113,accepted,300.0,1000.0,308806,MOBILOIL,365.2299319355559,16079.870155807896,20.623242885881904,False
308581,310179,3.811039680969933,17,accepted,300.0,1000.0,,,,,3.811039680969933,False
308581,309758,23.117498761153847,124,accepted,300.0,1000.0,310179,WILMINGTON (STATION C),392.2592148182917,3486.7873852800267,23.117498761153847,False
303620,308991,4.811090326998903,56,accepted,300.0,1000.0,,,,,4.811090326998903,False
306489,310199,0.8929586450584633,3,accepted,300.0,1000.0,,,,,0.8929586450584633,False
301100,309663,6.423054660181422,43,accepted,300.0,1000.0,,,,,6.423054660181422,False
300105,308471,53.28326684977264,308,accepted,300.0,1000.0,308806,MOBILOIL,365.2299319355559,4543.372730074015,53.28326684977264,False
308471,310179,17.40580793256477,103,accepted,300.0,1000.0,308806,MOBILOIL,365.2299319355559,4543.372730074015,17.40580793256477,False
301100,302297,5.021221251023874,52,blocked_by_near_substation,300.0,1000.0,306091,DOUGLAS,235.7549089971501,112.62426077915383,5.021221251023874,True
301745,302297,12.000603279386905,112,blocked_by_near_substation,300.0,1000.0,305885,LA BREA,52.71741717561434,11208.112561819644,12.000603279386905,True
302297,309758,11.933074711488286,73,blocked_by_near_substation,300.0,1000.0,306091,DOUGLAS,255.89397057221652,32.70290506973078,11.933074711488286,True
301100,301745,12.494266975160466,92,blocked_by_near_substation,300.0,1000.0,305885,LA BREA,52.71741717561434,11701.776257593205,12.494266975160466,True
309758,310179,19.900063807836695,114,accepted,300.0,1000.0,304137,HALLDALE,556.3328609488469,9670.745564296976,19.900063807836695,False
301745,309758,15.209718039244075,130,blocked_by_near_substation,300.0,1000.0,305885,LA BREA,80.1938029846316,820.0042442836645,15.209718039244075,True
