tract_id,scenario,peak_outage_prob
6037101110,LongBeach,0.0
6037101122,LongBeach,0.0
6037101220,LongBeach,0.0
6037101221,LongBeach,0.0
6037101222,LongBeach,0.0
6037101300,LongBeach,0.0
6037101400,LongBeach,0.0
6037102103,LongBeach,0.0
6037102104,LongBeach,0.0
6037102105,LongBeach,0.0
6037102107,LongBeach,0.0
6037103101,LongBeach,0.0
6037103102,LongBeach,0.0
6037103201,LongBeach,0.0
6037103202,LongBeach,0.0
6037103300,LongBeach,0.0
6037103401,LongBeach,0.0
6037103402,LongBeach,0.0
6037104103,LongBeach,0.0
6037104105,LongBeach,0.0
6037104108,LongBeach,0.0
6037104201,LongBeach,0.0
6037104203,LongBeach,0.0
6037104204,LongBeach,0.0
6037104310,LongBeach,0.0
6037104321,LongBeach,0.0
6037104322,LongBeach,0.0
6037104401,LongBeach,0.0
6037104403,LongBeach,0.0
6037104404,LongBeach,0.0
6037104500,LongBeach,0.0
6037104610,LongBeach,0.0
6037104620,LongBeach,0.0
6037104701,LongBeach,0.0
6037104703,LongBeach,0.0
6037104704,LongBeach,0.0
6037104821,LongBeach,0.0
6037104822,LongBeach,0.0
6037104823,LongBeach,0.0
6037104824,LongBeach,0.0
6037106010,LongBeach,0.0
6037106020,LongBeach,0.0
6037106111,LongBeach,0.0
6037106112,LongBeach,0.0
6037106113,LongBeach,0.0
6037106114,LongBeach,0.0
6037106403,LongBeach,0.0
6037106405,LongBeach,0.0
6037106406,LongBeach,0.0
6037106407,LongBeach,0.0
6037106408,LongBeach,0.0
6037106510,LongBeach,0.0
6037106520,LongBeach,0.0
6037106603,LongBeach,0.0
6037106604,LongBeach,0.0
6037106641,LongBeach,0.0
6037106642,LongBeach,0.0
6037106643,LongBeach,0.0
6037106645,LongBeach,0.0
6037106646,LongBeach,0.0
6037106648,LongBeach,0.0
6037106649,LongBeach,0.0
6037107010,LongBeach,0.0
6037107020,LongBeach,0.0
6037108101,LongBeach,0.0
6037108102,LongBeach,0.0
6037108103,LongBeach,0.0
6037108104,LongBeach,0.0
6037108202,LongBeach,0.0
6037108203,LongBeach,0.0
6037108204,LongBeach,0.0
6037109100,LongBeach,0.0
6037109200,LongBeach,0.0
6037109300,LongBeach,0.0
6037109400,LongBeach,0.0
6037109601,LongBeach,0.0
6037109603,LongBeach,0.0
6037109604,LongBeach,0.0
6037109700,LongBeach,0.0
6037109800,LongBeach,0.0
6037111100,LongBeach,0.0
6037111201,LongBeach,0.0
6037111202,LongBeach,0.0
6037111204,LongBeach,0.0
6037111205,LongBeach,0.0
6037111206,LongBeach,0.0
6037111302,LongBeach,0.0
6037111303,LongBeach,0.0
6037111304,LongBeach,0.0
6037111401,LongBeach,0.0
6037111402,LongBeach,0.0
6037113101,LongBeach,0.0
6037113102,LongBeach,0.0
6037113211,LongBeach,0.0
6037113212,LongBeach,0.0
6037113213,LongBeach,0.0
6037113231,LongBeach,0.0
6037113232,LongBeach,0.0
6037113234,LongBeach,0.0
6037113237,LongBeach,0.0
6037113238,LongBeach,0.0
6037113239,LongBeach,0.0
6037113301,LongBeach,0.0
6037113303,LongBeach,0.0
6037113322,LongBeach,0.0
6037113323,LongBeach,0.0
6037113324,LongBeach,0.0
6037113423,LongBeach,0.0
6037113424,LongBeach,0.0
6037113425,LongBeach,0.0
6037113426,LongBeach,0.0
6037113427,LongBeach,0.0
6037113428,LongBeach,0.0
6037115101,LongBeach,0.0
6037115103,LongBeach,0.0
6037115104,LongBeach,0.0
6037115202,LongBeach,0.0
6037115203,LongBeach,0.0
6037115204,LongBeach,0.0
6037115301,LongBeach,0.0
6037115302,LongBeach,0.0
6037115401,LongBeach,0.0
6037115403,LongBeach,0.0
6037115404,LongBeach,0.0
6037117101,LongBeach,0.0
6037117102,LongBeach,0.0
6037117201,LongBeach,0.0
6037117202,LongBeach,0.0
6037117301,LongBeach,0.0
6037117302,LongBeach,0.0
6037117303,LongBeach,0.0
6037117404,LongBeach,0.0
6037117405,LongBeach,0.0
6037117407,LongBeach,0.0
6037117408,LongBeach,0.0
6037117510,LongBeach,0.0
6037117520,LongBeach,0.0
6037117530,LongBeach,0.0
6037119001,LongBeach,0.0
6037119003,LongBeach,0.0
6037119004,LongBeach,0.0
6037119201,LongBeach,0.0
6037119202,LongBeach,0.0
6037119310,LongBeach,0.0
6037119320,LongBeach,0.0
6037119340,LongBeach,0.0
6037119341,LongBeach,0.0
6037119342,LongBeach,0.0
6037119400,LongBeach,0.0
6037119700,LongBeach,0.0
6037119801,LongBeach,0.0
6037119802,LongBeach,0.0
6037119900,LongBeach,0.0
6037120010,LongBeach,0.0
6037120020,LongBeach,0.0
6037120030,LongBeach,0.0
6037120103,LongBeach,0.0
6037120104,LongBeach,0.0
6037120105,LongBeach,0.0
6037120106,LongBeach,0.0
6037120107,LongBeach,0.0
6037120108,LongBeach,0.0
6037120300,LongBeach,0.0
6037120400,LongBeach,0.0
6037121010,LongBeach,0.0
6037121020,LongBeach,0.0
6037121101,LongBeach,0.0
6037121102,LongBeach,0.0
6037121210,LongBeach,0.0
6037121221,LongBeach,0.0
6037121222,LongBeach,0.0
6037121600,LongBeach,0.0
6037121801,LongBeach,0.0
6037121802,LongBeach,0.0033333333333333335
6037121900,LongBeach,0.0
6037122000,LongBeach,0.0
6037122120,LongBeach,0.0
6037122121,LongBeach,0.0
6037122122,LongBeach,0.0
6037122200,LongBeach,0.0
6037122410,LongBeach,0.0
6037122420,LongBeach,0.0
6037123010,LongBeach,0.0
6037123020,LongBeach,0.0
6037123103,LongBeach,0.0
6037123104,LongBeach,0.0
6037123203,LongBeach,0.0
6037123204,LongBeach,0.0
6037123205,LongBeach,0.0033333333333333335
6037123206,LongBeach,0.0033333333333333335
6037123301,LongBeach,0.0
6037123303,LongBeach,0.0
6037123304,LongBeach,0.0
6037123410,LongBeach,0.0
6037123420,LongBeach,0.0
6037123510,LongBeach,0.0
6037123520,LongBeach,0.0
6037123601,LongBeach,0.0
6037123602,LongBeach,0.0
6037123700,LongBeach,0.0
6037123800,LongBeach,0.0
6037123901,LongBeach,0.0
6037123902,LongBeach,0.0
6037124000,LongBeach,0.0
6037124102,LongBeach,0.0
6037124103,LongBeach,0.0033333333333333335
6037124104,LongBeach,0.0
6037124105,LongBeach,0.0
6037124201,LongBeach,0.0
6037124203,LongBeach,0.0
6037124204,LongBeach,0.0
6037124300,LongBeach,0.003333333333333334
6037124400,LongBeach,0.0
6037124500,LongBeach,0.0
6037124600,LongBeach,0.0
6037124700,LongBeach,0.0
6037124902,LongBeach,0.0
6037124903,LongBeach,0.0
6037125101,LongBeach,0.0
6037125102,LongBeach,0.0
6037125200,LongBeach,0.0
6037125310,LongBeach,0.0
6037125321,LongBeach,0.0
6037125322,LongBeach,0.0
6037125402,LongBeach,0.0
6037125403,LongBeach,0.0
6037125404,LongBeach,0.0
6037125501,LongBeach,0.0
6037125502,LongBeach,0.0
6037125600,LongBeach,0.0
6037127102,LongBeach,0.0
6037127103,LongBeach,0.0
6037127104,LongBeach,0.0
6037127210,LongBeach,0.0
6037127220,LongBeach,0.0
6037127300,LongBeach,0.0
6037127400,LongBeach,0.0
6037127520,LongBeach,0.0
6037127603,LongBeach,0.0
6037127604,LongBeach,0.0
6037127605,LongBeach,0.0
6037127606,LongBeach,0.0
6037127711,LongBeach,0.0
6037127712,LongBeach,0.0
6037127803,LongBeach,0.0
6037127804,LongBeach,0.0
6037127805,LongBeach,0.0
6037127806,LongBeach,0.0
6037127910,LongBeach,0.0
6037127920,LongBeach,0.0
6037128101,LongBeach,0.0
6037128102,LongBeach,0.0
6037128210,LongBeach,0.0
6037128220,LongBeach,0.0
6037128302,LongBeach,0.0
6037128303,LongBeach,0.0
6037128400,LongBeach,0.0
6037128500,LongBeach,0.0
6037128601,LongBeach,0.0
6037128602,LongBeach,0.0
6037128703,LongBeach,0.0
6037128704,LongBeach,0.0
6037128801,LongBeach,0.0
6037128802,LongBeach,0.0
6037128910,LongBeach,0.0
6037131021,LongBeach,0.0
6037131022,LongBeach,0.0
6037131023,LongBeach,0.0
6037131024,LongBeach,0.0
6037131100,LongBeach,0.0
6037131200,LongBeach,0.0
6037131300,LongBeach,0.0
6037131400,LongBeach,0.0
6037131600,LongBeach,0.0
6037131701,LongBeach,0.0
6037131702,LongBeach,0.0
6037131801,LongBeach,0.0
6037131802,LongBeach,0.0
6037131900,LongBeach,0.0
6037132001,LongBeach,0.0
6037132002,LongBeach,0.0
6037132101,LongBeach,0.0
6037132102,LongBeach,0.0
6037132301,LongBeach,0.0
6037132302,LongBeach,0.0
6037132501,LongBeach,0.0
6037132502,LongBeach,0.0
6037132700,LongBeach,0.0
6037132900,LongBeach,0.0
6037133000,LongBeach,0.0
6037133101,LongBeach,0.0
6037133102,LongBeach,0.0
6037134001,LongBeach,0.0
6037134002,LongBeach,0.0
6037134101,LongBeach,0.0
6037134103,LongBeach,0.0
6037134104,LongBeach,0.0
6037134201,LongBeach,0.0
6037134302,LongBeach,0.0
6037134303,LongBeach,0.0
6037134304,LongBeach,0.0
6037134305,LongBeach,0.0
6037134306,LongBeach,0.0
6037134421,LongBeach,0.0
6037134422,LongBeach,0.0
6037134423,LongBeach,0.0
6037134520,LongBeach,0.0
6037134521,LongBeach,0.0
6037134522,LongBeach,0.0
6037134710,LongBeach,0.0
6037134720,LongBeach,0.0
6037134801,LongBeach,0.0
6037134802,LongBeach,0.0
6037134901,LongBeach,0.0
6037134904,LongBeach,0.0
6037134905,LongBeach,0.0
6037134906,LongBeach,0.0
6037134907,LongBeach,0.0
6037135102,LongBeach,0.0
6037135111,LongBeach,0.0
6037135113,LongBeach,0.0
6037135115,LongBeach,0.0
6037135116,LongBeach,0.0
6037135201,LongBeach,0.0
6037135202,LongBeach,0.0
6037135204,LongBeach,0.0
6037137000,LongBeach,0.0
6037137103,LongBeach,0.0
6037137104,LongBeach,0.0
6037137202,LongBeach,0.0
6037137203,LongBeach,0.0
6037137301,LongBeach,0.0
6037137302,LongBeach,0.0
6037137401,LongBeach,0.0
6037137402,LongBeach,0.0
6037137501,LongBeach,0.0
6037137502,LongBeach,0.0
6037137504,LongBeach,0.0
6037138000,LongBeach,0.0
6037139001,LongBeach,0.0
6037139200,LongBeach,0.0
6037139301,LongBeach,0.0
6037139302,LongBeach,0.0
6037139303,LongBeach,0.0
6037139401,LongBeach,0.0
6037139402,LongBeach,0.0
6037139502,LongBeach,0.0
6037139504,LongBeach,0.0
6037139505,LongBeach,0.0
6037139506,LongBeach,0.0
6037139600,LongBeach,0.0
6037139701,LongBeach,0.0
6037139703,LongBeach,0.0
6037139704,LongBeach,0.0
6037139705,LongBeach,0.0
6037139801,LongBeach,0.0
6037139802,LongBeach,0.0
6037141101,LongBeach,0.0
6037141102,LongBeach,0.0
6037141201,LongBeach,0.0
6037141202,LongBeach,0.0
6037141303,LongBeach,0.0
6037141304,LongBeach,0.0
6037141305,LongBeach,0.0
6037141306,LongBeach,0.0
6037141400,LongBeach,0.0
6037141500,LongBeach,0.0
6037141600,LongBeach,0.0
6037141700,LongBeach,0.0
6037143101,LongBeach,0.0
6037143102,LongBeach,0.0
6037143200,LongBeach,0.0
6037143301,LongBeach,0.0
6037143302,LongBeach,0.0
6037143401,LongBeach,0.0
6037143402,LongBeach,0.0
6037143500,LongBeach,0.0
6037143602,LongBeach,0.0
6037143603,LongBeach,0.0
6037143605,LongBeach,0.0
6037143606,LongBeach,0.0
6037143700,LongBeach,0.0
6037143801,LongBeach,0.0
6037143802,LongBeach,0.0
6037143901,LongBeach,0.0
6037143902,LongBeach,0.0
6037181000,LongBeach,0.0
6037181300,LongBeach,0.0
6037181400,LongBeach,0.0
6037181500,LongBeach,0.0
6037181600,LongBeach,0.0
6037183101,LongBeach,0.0
6037183103,LongBeach,0.0
6037183104,LongBeach,0.0
6037183220,LongBeach,0.0
6037183221,LongBeach,0.0
6037183222,LongBeach,0.0
6037183300,LongBeach,0.0
6037183401,LongBeach,0.0
6037183402,LongBeach,0.0
6037183510,LongBeach,0.0
6037183520,LongBeach,0.0
6037183610,LongBeach,0.0
6037183620,LongBeach,0.0
6037183701,LongBeach,0.0
6037183702,LongBeach,0.0
6037183810,LongBeach,0.0
6037183820,LongBeach,0.0
6037185101,LongBeach,0.0
6037185102,LongBeach,0.0
6037185202,LongBeach,0.0
6037185203,LongBeach,0.0
6037185204,LongBeach,0.0
6037185310,LongBeach,0.0
6037185320,LongBeach,0.0
6037186100,LongBeach,0.0
6037186201,LongBeach,0.0
6037186202,LongBeach,0.0
6037186203,LongBeach,0.0
6037186301,LongBeach,0.0
6037186302,LongBeach,0.0
6037186401,LongBeach,0.0
6037186403,LongBeach,0.0
6037186404,LongBeach,0.0
6037187101,LongBeach,0.0
6037187102,LongBeach,0.0
6037187200,LongBeach,0.0
6037187300,LongBeach,0.0
6037188100,LongBeach,0.0
6037188201,LongBeach,0.0033333333333333335
6037188202,LongBeach,0.0
6037188300,LongBeach,0.0
6037189101,LongBeach,0.0
6037189102,LongBeach,0.0
6037189201,LongBeach,0.0
6037189202,LongBeach,0.0
6037189300,LongBeach,0.0
6037189400,LongBeach,0.0
6037189501,LongBeach,0.0
6037189502,LongBeach,0.0
6037189600,LongBeach,0.0
6037189702,LongBeach,0.0
6037189703,LongBeach,0.0
6037189704,LongBeach,0.0
6037189801,LongBeach,0.0
6037189802,LongBeach,0.0
6037189903,LongBeach,0.0
6037189904,LongBeach,0.0
6037189905,LongBeach,0.0
6037189906,LongBeach,0.0
6037189907,LongBeach,0.0
6037190101,LongBeach,0.0
6037190102,LongBeach,0.0
6037190201,LongBeach,0.0
6037190202,LongBeach,0.0
6037190302,LongBeach,0.0
6037190303,LongBeach,0.0
6037190401,LongBeach,0.0
6037190402,LongBeach,0.0
6037190510,LongBeach,0.0
6037190520,LongBeach,0.0
6037190701,LongBeach,0.0
6037190702,LongBeach,0.0
6037190801,LongBeach,0.0
6037190802,LongBeach,0.0
6037190901,LongBeach,0.0
6037190902,LongBeach,0.0
6037191000,LongBeach,0.0
6037191110,LongBeach,0.0
6037191120,LongBeach,0.0
6037191201,LongBeach,0.0
6037191203,LongBeach,0.0
6037191204,LongBeach,0.0
6037191301,LongBeach,0.0
6037191302,LongBeach,0.0
6037191410,LongBeach,0.0
6037191420,LongBeach,0.0
6037191500,LongBeach,0.0
6037191610,LongBeach,0.0
6037191620,LongBeach,0.0
6037191710,LongBeach,0.0
6037191720,LongBeach,0.0
6037191810,LongBeach,0.0
6037191820,LongBeach,0.0
6037191901,LongBeach,0.0
6037191902,LongBeach,0.0
6037192001,LongBeach,0.003333333333333334
6037192002,LongBeach,0.0
6037192300,LongBeach,0.0
6037192410,LongBeach,0.0
6037192420,LongBeach,0.0
6037192510,LongBeach,0.0
6037192520,LongBeach,0.0
6037192610,LongBeach,0.0
6037192620,LongBeach,0.0
6037192700,LongBeach,0.0
6037194101,LongBeach,0.0
6037194102,LongBeach,0.0
6037194200,LongBeach,0.0
6037194300,LongBeach,0.0
6037194401,LongBeach,0.0
6037194402,LongBeach,0.0
6037194500,LongBeach,0.0
6037195100,LongBeach,0.0
6037195201,LongBeach,0.0
6037195202,LongBeach,0.0
6037195300,LongBeach,0.0
6037195400,LongBeach,0.0
6037195500,LongBeach,0.0
6037195600,LongBeach,0.0
6037195710,LongBeach,0.0
6037195720,LongBeach,0.0
6037195802,LongBeach,0.0
6037195803,LongBeach,0.0
6037195804,LongBeach,0.0
6037195901,LongBeach,0.0
6037195902,LongBeach,0.0
6037195903,LongBeach,0.0
6037197200,LongBeach,0.0
6037197300,LongBeach,0.0
6037197410,LongBeach,0.0
6037197420,LongBeach,0.0
6037197500,LongBeach,0.0
6037197600,LongBeach,0.0
6037197700,LongBeach,0.0
6037199001,LongBeach,0.0
6037199002,LongBeach,0.0
6037199110,LongBeach,0.0
6037199120,LongBeach,0.0
6037199201,LongBeach,0.0
6037199202,LongBeach,0.0
6037199300,LongBeach,0.0
6037199400,LongBeach,0.010000000000000002
6037199700,LongBeach,0.0033333333333333335
6037199801,LongBeach,0.0
6037199802,LongBeach,0.0
6037199900,LongBeach,0.0
6037201110,LongBeach,0.0
6037201120,LongBeach,0.0
6037201200,LongBeach,0.0
6037201301,LongBeach,0.0
6037201302,LongBeach,0.0
6037201401,LongBeach,0.0
6037201402,LongBeach,0.0
6037201501,LongBeach,0.0
6037201503,LongBeach,0.0
6037201504,LongBeach,0.0
6037201601,LongBeach,0.0
6037201602,LongBeach,0.0
6037201700,LongBeach,0.0
6037203100,LongBeach,0.0
6037203200,LongBeach,0.0
6037203300,LongBeach,0.0
6037203500,LongBeach,0.0
6037203601,LongBeach,0.0
6037203602,LongBeach,0.0
6037203710,LongBeach,0.0
6037203720,LongBeach,0.0
6037203800,LongBeach,0.0
6037203900,LongBeach,0.0
6037204110,LongBeach,0.0
6037204120,LongBeach,0.0
6037204200,LongBeach,0.0
6037204300,LongBeach,0.0
6037204410,LongBeach,0.0
6037204420,LongBeach,0.0
6037204600,LongBeach,0.0
6037204700,LongBeach,0.0
6037204810,LongBeach,0.0
6037204820,LongBeach,0.010000000000000002
6037204910,LongBeach,0.0
6037204920,LongBeach,0.03
6037205110,LongBeach,0.0
6037205120,LongBeach,0.020000000000000004
6037206010,LongBeach,0.0033333333333333335
6037206020,LongBeach,0.0
6037206050,LongBeach,0.0
6037206051,LongBeach,0.0
6037206052,LongBeach,0.0
6037206053,LongBeach,0.0
6037206054,LongBeach,0.0
6037206201,LongBeach,0.023333333333333334
6037206202,LongBeach,0.006666666666666667
6037206301,LongBeach,0.023333333333333334
6037206302,LongBeach,0.023333333333333334
6037206303,LongBeach,0.023333333333333334
6037207101,LongBeach,0.0
6037207102,LongBeach,0.0
6037207103,LongBeach,0.0
6037207303,LongBeach,0.0033333333333333335
6037207304,LongBeach,0.013333333333333334
6037207305,LongBeach,0.0033333333333333335
6037207306,LongBeach,0.01
6037207307,LongBeach,0.023333333333333334
6037207308,LongBeach,0.023333333333333334
6037207400,LongBeach,0.0
6037207501,LongBeach,0.0
6037207502,LongBeach,0.0
6037207711,LongBeach,0.0
6037207712,LongBeach,0.0
6037207901,LongBeach,0.0
6037207902,LongBeach,0.0
6037208001,LongBeach,0.0
6037208002,LongBeach,0.0
6037208301,LongBeach,0.0
6037208302,LongBeach,0.0
6037208401,LongBeach,0.0
6037208402,LongBeach,0.0
6037208501,LongBeach,0.0
6037208502,LongBeach,0.0
6037208610,LongBeach,0.0
6037208620,LongBeach,0.0
6037208710,LongBeach,0.0
6037208720,LongBeach,0.0
6037208801,LongBeach,0.0
6037208802,LongBeach,0.0
6037208902,LongBeach,0.0
6037208903,LongBeach,0.0
6037208904,LongBeach,0.0
6037209103,LongBeach,0.0
6037209104,LongBeach,0.0
6037209105,LongBeach,0.0
6037209106,LongBeach,0.0
6037209201,LongBeach,0.0
6037209202,LongBeach,0.0
6037209300,LongBeach,0.0
6037209401,LongBeach,0.0
6037209402,LongBeach,0.0
6037209403,LongBeach,0.0
6037209510,LongBeach,0.0
6037209520,LongBeach,0.0
6037209810,LongBeach,0.0
6037209820,LongBeach,0.0
6037210010,LongBeach,0.0
6037211000,LongBeach,0.0
6037211121,LongBeach,0.0
6037211122,LongBeach,0.0
6037211123,LongBeach,0.0
6037211124,LongBeach,0.0
6037211201,LongBeach,0.0
6037211202,LongBeach,0.0
6037211310,LongBeach,0.0
6037211320,LongBeach,0.0
6037211410,LongBeach,0.0
6037211420,LongBeach,0.0
6037211500,LongBeach,0.0
6037211701,LongBeach,0.0
6037211703,LongBeach,0.0
6037211704,LongBeach,0.0
6037211802,LongBeach,0.0
6037211803,LongBeach,0.0
6037211804,LongBeach,0.0
6037211910,LongBeach,0.0
6037211921,LongBeach,0.0
6037211922,LongBeach,0.0
6037212101,LongBeach,0.0
6037212102,LongBeach,0.0
6037212202,LongBeach,0.0
6037212203,LongBeach,0.0
6037212204,LongBeach,0.0
6037212303,LongBeach,0.0
6037212304,LongBeach,0.0
6037212305,LongBeach,0.0
6037212306,LongBeach,0.0
6037212410,LongBeach,0.0
6037212420,LongBeach,0.0
6037212501,LongBeach,0.0
6037212502,LongBeach,0.0
6037212610,LongBeach,0.0
6037212620,LongBeach,0.0
6037212701,LongBeach,0.0
6037212702,LongBeach,0.0
6037212800,LongBeach,0.0
6037212900,LongBeach,0.0
6037213100,LongBeach,0.0
6037213201,LongBeach,0.0
6037213202,LongBeach,0.0
6037213310,LongBeach,0.0
6037213320,LongBeach,0.0
6037213401,LongBeach,0.0
6037213402,LongBeach,0.0
6037214000,LongBeach,0.0
6037214100,LongBeach,0.0
6037214400,LongBeach,0.0
6037214501,LongBeach,0.0
6037214503,LongBeach,0.0
6037214504,LongBeach,0.0
6037214505,LongBeach,0.0
6037214600,LongBeach,0.0
6037214700,LongBeach,0.0
6037214800,LongBeach,0.0
6037214902,LongBeach,0.0
6037214903,LongBeach,0.0
6037214904,LongBeach,0.0
6037215101,LongBeach,0.0
6037215102,LongBeach,0.0
6037216100,LongBeach,0.0
6037216201,LongBeach,0.0
6037216202,LongBeach,0.0
6037216301,LongBeach,0.0
6037216302,LongBeach,0.0
6037216401,LongBeach,0.0
6037216402,LongBeach,0.0
6037216700,LongBeach,0.0
6037216800,LongBeach,0.0
6037216901,LongBeach,0.0
6037216902,LongBeach,0.0
6037217001,LongBeach,0.0
6037217002,LongBeach,0.0
6037217101,LongBeach,0.0
6037217102,LongBeach,0.0
6037217200,LongBeach,0.0
6037218110,LongBeach,0.0
6037218120,LongBeach,0.0
6037218210,LongBeach,0.0
6037218220,LongBeach,0.0
6037218300,LongBeach,0.0
6037218400,LongBeach,0.0
6037218500,LongBeach,0.0
6037218600,LongBeach,0.0
6037218701,LongBeach,0.0
6037218702,LongBeach,0.0
6037218800,LongBeach,0.0
6037218900,LongBeach,0.0
6037219010,LongBeach,0.0
6037219020,LongBeach,0.0
6037219300,LongBeach,0.0
6037219500,LongBeach,0.0
6037219700,LongBeach,0.0
6037219800,LongBeach,0.0
6037219901,LongBeach,0.0
6037219902,LongBeach,0.0
6037220000,LongBeach,0.0
6037220100,LongBeach,0.0
6037221110,LongBeach,0.0
6037221120,LongBeach,0.0
6037221210,LongBeach,0.0
6037221220,LongBeach,0.0
6037221302,LongBeach,0.0
6037221303,LongBeach,0.0
6037221304,LongBeach,0.0
6037221401,LongBeach,0.0
6037221402,LongBeach,0.0
6037221500,LongBeach,0.0
6037221601,LongBeach,0.0
6037221602,LongBeach,0.0
6037221710,LongBeach,0.0
6037221810,LongBeach,0.0
6037221820,LongBeach,0.0
6037221900,LongBeach,0.0
6037222001,LongBeach,0.0
6037222002,LongBeach,0.0
6037222100,LongBeach,0.0
6037222200,LongBeach,0.0
6037222500,LongBeach,0.0
6037222600,LongBeach,0.0
6037222700,LongBeach,0.0
6037224010,LongBeach,0.0
6037224020,LongBeach,0.0
6037224200,LongBeach,0.0
6037224310,LongBeach,0.0
6037224320,LongBeach,0.0
6037224410,LongBeach,0.0
6037224420,LongBeach,0.0
6037224600,LongBeach,0.0
6037224701,LongBeach,0.0
6037224702,LongBeach,0.0
6037226001,LongBeach,0.0
6037226002,LongBeach,0.0
6037226410,LongBeach,0.0
6037226420,LongBeach,0.0
6037226701,LongBeach,0.0
6037226702,LongBeach,0.0
6037227010,LongBeach,0.0
6037227020,LongBeach,0.0
6037228100,LongBeach,0.0
6037228210,LongBeach,0.0
6037228220,LongBeach,0.0
6037228310,LongBeach,0.0
6037228320,LongBeach,0.0
6037228410,LongBeach,0.0
6037228420,LongBeach,0.0
6037228500,LongBeach,0.0
6037228600,LongBeach,0.0
6037228710,LongBeach,0.0
6037228720,LongBeach,0.0
6037228800,LongBeach,0.0
6037228900,LongBeach,0.0
6037229100,LongBeach,0.0
6037229200,LongBeach,0.0
6037229300,LongBeach,0.0
6037229410,LongBeach,0.0
6037229420,LongBeach,0.0
6037231100,LongBeach,0.0
6037231210,LongBeach,0.0
6037231220,LongBeach,0.0
6037231301,LongBeach,0.0
6037231302,LongBeach,0.0
6037231400,LongBeach,0.0
6037231500,LongBeach,0.0
6037231601,LongBeach,0.0
6037231602,LongBeach,0.0
6037231603,LongBeach,0.0
6037231710,LongBeach,0.0
6037231720,LongBeach,0.0
6037231800,LongBeach,0.0
6037231901,LongBeach,0.0
6037231902,LongBeach,0.0
6037232110,LongBeach,0.0
6037232120,LongBeach,0.0
6037232200,LongBeach,0.0
6037232300,LongBeach,0.0
6037232401,LongBeach,0.0
6037232402,LongBeach,0.0
6037232500,LongBeach,0.0
6037232601,LongBeach,0.0
6037232602,LongBeach,0.0
6037232701,LongBeach,0.0
6037232702,LongBeach,0.0
6037232800,LongBeach,0.0
6037234001,LongBeach,0.0
6037234002,LongBeach,0.0
6037234200,LongBeach,0.0
6037234301,LongBeach,0.0
6037234302,LongBeach,0.0
6037234501,LongBeach,0.0
6037234502,LongBeach,0.0
6037234600,LongBeach,0.0
6037234700,LongBeach,0.0
6037234800,LongBeach,0.0
6037234901,LongBeach,0.0
6037234902,LongBeach,0.0
6037235100,LongBeach,0.0
6037235201,LongBeach,0.003333333333333334
6037235202,LongBeach,0.0
6037236001,LongBeach,0.0
6037236101,LongBeach,0.0
6037236102,LongBeach,0.0
6037236203,LongBeach,0.0
6037236204,LongBeach,0.0
6037236205,LongBeach,0.0
6037236206,LongBeach,0.0
6037236400,LongBeach,0.0
6037237101,LongBeach,0.0
6037237102,LongBeach,0.0
6037237201,LongBeach,0.0
6037237202,LongBeach,0.0
6037237300,LongBeach,0.0
6037237401,LongBeach,0.0
6037237402,LongBeach,0.0
6037237500,LongBeach,0.0
6037237600,LongBeach,0.0
6037237710,LongBeach,0.0
6037237720,LongBeach,0.0
6037237800,LongBeach,0.003333333333333334
6037237900,LongBeach,0.006666666666666667
6037238000,LongBeach,0.15000000000000002
6037238100,LongBeach,0.03666666666666667
6037238200,LongBeach,0.023333333333333338
6037238310,LongBeach,0.003333333333333334
6037238320,LongBeach,0.003333333333333334
6037238400,LongBeach,0.14333333333333334
6037239201,LongBeach,0.0
6037239202,LongBeach,0.0
6037239310,LongBeach,0.0
6037239320,LongBeach,0.0
6037239330,LongBeach,0.0
6037239501,LongBeach,0.0
6037239502,LongBeach,0.006666666666666668
6037239601,LongBeach,0.0
6037239602,LongBeach,0.0
6037239701,LongBeach,0.0
6037239702,LongBeach,0.006666666666666668
6037239801,LongBeach,0.013333333333333334
6037239802,LongBeach,0.08333333333333334
6037240010,LongBeach,0.1566666666666667
6037240020,LongBeach,0.24666666666666667
6037240200,LongBeach,0.013333333333333334
6037240301,LongBeach,0.0
6037240302,LongBeach,0.020000000000000004
6037240401,LongBeach,0.01666666666666667
6037240402,LongBeach,0.01666666666666667
6037240500,LongBeach,0.05666666666666667
6037240600,LongBeach,0.20333333333333334
6037240700,LongBeach,0.24666666666666667
6037240800,LongBeach,0.23666666666666666
6037240901,LongBeach,0.08000000000000002
6037240902,LongBeach,0.09333333333333334
6037241001,LongBeach,0.006666666666666668
6037241002,LongBeach,0.003333333333333334
6037241110,LongBeach,0.01666666666666667
6037241120,LongBeach,0.006666666666666668
6037241201,LongBeach,0.01
6037241202,LongBeach,0.0
6037241300,LongBeach,0.0
6037241400,LongBeach,0.0
6037242000,LongBeach,0.23666666666666666
6037242100,LongBeach,0.013333333333333334
6037242201,LongBeach,0.09333333333333334
6037242202,LongBeach,0.1566666666666667
6037242300,LongBeach,0.24666666666666667
6037242600,LongBeach,0.06666666666666668
6037242700,LongBeach,0.08000000000000002
6037243001,LongBeach,0.023333333333333338
6037243002,LongBeach,0.006666666666666668
6037243100,LongBeach,0.006666666666666668
6037261102,LongBeach,0.0
6037261103,LongBeach,0.0
6037261104,LongBeach,0.0
6037261200,LongBeach,0.0
6037262100,LongBeach,0.0
6037262200,LongBeach,0.0
6037262301,LongBeach,0.0
6037262302,LongBeach,0.006666666666666667
6037262303,LongBeach,0.01666666666666667
6037262400,LongBeach,0.0
6037262501,LongBeach,0.0
6037262601,LongBeach,0.0
6037262604,LongBeach,0.0
6037262704,LongBeach,0.0
6037262706,LongBeach,0.0
6037262802,LongBeach,0.0
6037264000,LongBeach,0.0
6037264102,LongBeach,0.0
6037264103,LongBeach,0.0
6037264303,LongBeach,0.0
6037264304,LongBeach,0.0
6037264305,LongBeach,0.003333333333333334
6037264306,LongBeach,0.0
6037265100,LongBeach,0.0
6037265201,LongBeach,0.0
6037265203,LongBeach,0.0
6037265204,LongBeach,0.0
6037265301,LongBeach,0.0
6037265303,LongBeach,0.0
6037265304,LongBeach,0.0
6037265306,LongBeach,0.0
6037265307,LongBeach,0.0
6037265410,LongBeach,0.006666666666666667
6037265420,LongBeach,0.006666666666666667
6037265521,LongBeach,0.0
6037265522,LongBeach,0.0
6037265523,LongBeach,0.003333333333333334
6037265524,LongBeach,0.0
6037265601,LongBeach,0.006666666666666667
6037265602,LongBeach,0.0
6037265701,LongBeach,0.0
6037265702,LongBeach,0.0
6037267101,LongBeach,0.006666666666666667
6037267102,LongBeach,0.0
6037267201,LongBeach,0.0
6037267202,LongBeach,0.006666666666666667
6037267300,LongBeach,0.0
6037267403,LongBeach,0.0
6037267404,LongBeach,0.0
6037267405,LongBeach,0.0
6037267406,LongBeach,0.0
6037267502,LongBeach,0.003333333333333334
6037267503,LongBeach,0.0
6037267504,LongBeach,0.0
6037267600,LongBeach,0.0
6037267700,LongBeach,0.0
6037267800,LongBeach,0.0
6037267901,LongBeach,0.0
6037267902,LongBeach,0.0
6037269000,LongBeach,0.0
6037269100,LongBeach,0.0
6037269300,LongBeach,0.0
6037269500,LongBeach,0.0
6037269601,LongBeach,0.003333333333333334
6037269602,LongBeach,0.0
6037269700,LongBeach,0.0
6037269800,LongBeach,0.0
6037269903,LongBeach,0.0
6037269905,LongBeach,0.0
6037269906,LongBeach,0.0
6037269907,LongBeach,0.0
6037269908,LongBeach,0.0
6037269909,LongBeach,0.0
6037270101,LongBeach,0.0
6037270102,LongBeach,0.0
6037270200,LongBeach,0.0
6037270300,LongBeach,0.013333333333333334
6037271100,LongBeach,0.0
6037271200,LongBeach,0.0
6037271300,LongBeach,0.0
6037271400,LongBeach,0.0
6037271500,LongBeach,0.0
6037271600,LongBeach,0.0
6037271702,LongBeach,0.0
6037271703,LongBeach,0.0
6037271704,LongBeach,0.0
6037271801,LongBeach,0.0
6037271803,LongBeach,0.0
6037271804,LongBeach,0.0
6037271901,LongBeach,0.0
6037271902,LongBeach,0.0
6037272100,LongBeach,0.0
6037272201,LongBeach,0.0
6037272202,LongBeach,0.0
6037272301,LongBeach,0.0
6037272302,LongBeach,0.0
6037273100,LongBeach,0.0
6037273200,LongBeach,0.0
6037273300,LongBeach,0.0
6037273403,LongBeach,0.0
6037273404,LongBeach,0.0
6037273502,LongBeach,0.0
6037273600,LongBeach,0.0
6037273700,LongBeach,0.0
6037273800,LongBeach,0.0
6037273902,LongBeach,0.0
6037274100,LongBeach,0.0
6037275101,LongBeach,0.0
6037275102,LongBeach,0.0
6037275200,LongBeach,0.05666666666666667
6037275311,LongBeach,0.05666666666666667
6037275312,LongBeach,0.0
6037275313,LongBeach,0.0
6037275400,LongBeach,0.0
6037275500,LongBeach,0.04333333333333334
6037275603,LongBeach,0.0
6037275604,LongBeach,0.0
6037275605,LongBeach,0.0
6037276000,LongBeach,0.01666666666666667
6037276101,LongBeach,0.013333333333333334
6037276102,LongBeach,0.003333333333333334
6037276400,LongBeach,0.0
6037276500,LongBeach,0.0
6037276601,LongBeach,0.0
6037276605,LongBeach,0.0033333333333333335
6037276606,LongBeach,0.0033333333333333335
6037276607,LongBeach,0.0033333333333333335
6037276608,LongBeach,0.0033333333333333335
6037277000,LongBeach,0.0
6037277100,LongBeach,0.049999999999999996
6037277200,LongBeach,0.030000000000000002
6037277400,LongBeach,0.01666666666666667
6037278001,LongBeach,0.0
6037278102,LongBeach,0.0
6037291110,LongBeach,0.0
6037291120,LongBeach,0.0
6037291130,LongBeach,0.0
6037291210,LongBeach,0.01
6037291220,LongBeach,0.04333333333333334
6037291300,LongBeach,0.12666666666666668
6037292001,LongBeach,0.30000000000000004
6037292002,LongBeach,0.21666666666666665
6037293203,LongBeach,0.1566666666666667
6037293204,LongBeach,0.12000000000000001
6037293205,LongBeach,0.17666666666666667
6037293206,LongBeach,0.13000000000000003
6037293301,LongBeach,0.25000000000000006
6037293302,LongBeach,0.24000000000000002
6037293304,LongBeach,0.24000000000000002
6037293306,LongBeach,0.24000000000000002
6037293307,LongBeach,0.2366666666666667
6037294110,LongBeach,0.2566666666666667
6037294120,LongBeach,0.18333333333333335
6037294200,LongBeach,0.16333333333333336
6037294301,LongBeach,0.12000000000000001
6037294302,LongBeach,0.08333333333333334
6037294410,LongBeach,0.20333333333333334
6037294421,LongBeach,0.2366666666666667
6037294510,LongBeach,0.13333333333333336
6037294520,LongBeach,0.14333333333333334
6037294610,LongBeach,0.1566666666666667
6037294620,LongBeach,0.18333333333333335
6037294701,LongBeach,0.13333333333333336
6037294810,LongBeach,0.13333333333333336
6037294820,LongBeach,0.1366666666666667
6037294830,LongBeach,0.15333333333333335
6037294900,LongBeach,0.13333333333333336
6037295103,LongBeach,0.10000000000000002
6037296210,LongBeach,0.07666666666666667
6037296220,LongBeach,0.07
6037296300,LongBeach,0.06666666666666668
6037296401,LongBeach,0.04666666666666667
6037296402,LongBeach,0.06666666666666668
6037296500,LongBeach,0.07
6037296600,LongBeach,0.06666666666666668
6037296901,LongBeach,0.05000000000000001
6037296902,LongBeach,0.05000000000000001
6037297001,LongBeach,0.04333333333333334
6037297002,LongBeach,0.04666666666666667
6037297110,LongBeach,0.06666666666666668
6037297120,LongBeach,0.05000000000000001
6037297201,LongBeach,0.04666666666666667
6037297202,LongBeach,0.04333333333333334
6037297300,LongBeach,0.04333333333333334
6037297400,LongBeach,0.030000000000000002
6037297502,LongBeach,0.04333333333333334
6037297602,LongBeach,0.04333333333333334
6037700901,LongBeach,0.0
6037980008,LongBeach,0.0
6037980009,LongBeach,0.0
6037980010,LongBeach,0.0
6037980014,LongBeach,0.15
6037980015,LongBeach,0.17333333333333337
6037980019,LongBeach,0.0
6037980020,LongBeach,0.0
6037980021,LongBeach,0.0
6037980022,LongBeach,0.0
6037980023,LongBeach,0.0
6037980024,LongBeach,0.0
6037980026,LongBeach,0.0
6037980028,LongBeach,0.013333333333333334
6037980031,LongBeach,0.06666666666666668
