tract_id,scenario,peak_outage_prob
6037101110,SanFernando,0.05700000000000001
6037101122,SanFernando,0.032
6037101220,SanFernando,0.026000000000000002
6037101221,SanFernando,0.05700000000000001
6037101222,SanFernando,0.051000000000000004
6037101300,SanFernando,0.0
6037101400,SanFernando,0.009000000000000001
6037102103,SanFernando,0.246
6037102104,SanFernando,0.187
6037102105,SanFernando,0.097
6037102107,SanFernando,0.28400000000000003
6037103101,SanFernando,0.097
6037103102,SanFernando,0.108
6037103201,SanFernando,0.15100000000000002
6037103202,SanFernando,0.251
6037103300,SanFernando,0.34700000000000003
6037103401,SanFernando,0.14700000000000002
6037103402,SanFernando,0.116
6037104103,SanFernando,0.325
6037104105,SanFernando,0.34700000000000003
6037104108,SanFernando,0.349
6037104201,SanFernando,0.773
6037104203,SanFernando,0.322
6037104204,SanFernando,0.275
6037104310,SanFernando,0.495
6037104321,SanFernando,0.495
6037104322,SanFernando,0.495
6037104401,SanFernando,0.495
6037104403,SanFernando,0.495
6037104404,SanFernando,0.495
6037104500,SanFernando,0.348
6037104610,SanFernando,0.347
6037104620,SanFernando,0.348
6037104701,SanFernando,0.35
6037104703,SanFernando,0.34199999999999997
6037104704,SanFernando,0.345
6037104821,SanFernando,0.34199999999999997
6037104822,SanFernando,0.345
6037104823,SanFernando,0.34199999999999997
6037104824,SanFernando,0.34199999999999997
6037106010,SanFernando,0.728
6037106020,SanFernando,0.754
6037106111,SanFernando,0.773
6037106112,SanFernando,0.772
6037106113,SanFernando,0.751
6037106114,SanFernando,0.742
6037106403,SanFernando,0.713
6037106405,SanFernando,0.713
6037106406,SanFernando,0.716
6037106407,SanFernando,0.713
6037106408,SanFernando,0.713
6037106510,SanFernando,0.788
6037106520,SanFernando,0.713
6037106603,SanFernando,0.6859999999999999
6037106604,SanFernando,0.768
6037106641,SanFernando,0.5790000000000001
6037106642,SanFernando,0.692
6037106643,SanFernando,0.712
6037106645,SanFernando,0.659
6037106646,SanFernando,0.502
6037106648,SanFernando,0.713
6037106649,SanFernando,0.495
6037107010,SanFernando,0.713
6037107020,SanFernando,0.713
6037108101,SanFernando,0.31800000000000006
6037108102,SanFernando,0.31800000000000006
6037108103,SanFernando,0.31800000000000006
6037108104,SanFernando,0.31800000000000006
6037108202,SanFernando,0.31800000000000006
6037108203,SanFernando,0.31800000000000006
6037108204,SanFernando,0.31800000000000006
6037109100,SanFernando,0.495
6037109200,SanFernando,0.502
6037109300,SanFernando,0.502
6037109400,SanFernando,0.495
6037109601,SanFernando,0.495
6037109603,SanFernando,0.495
6037109604,SanFernando,0.495
6037109700,SanFernando,0.554
6037109800,SanFernando,0.5850000000000001
6037111100,SanFernando,0.546
6037111201,SanFernando,0.5850000000000001
6037111202,SanFernando,0.6060000000000001
6037111204,SanFernando,0.31800000000000006
6037111205,SanFernando,0.31800000000000006
6037111206,SanFernando,0.31800000000000006
6037111302,SanFernando,0.217
6037111303,SanFernando,0.614
6037111304,SanFernando,0.31800000000000006
6037111401,SanFernando,0.603
6037111402,SanFernando,0.5740000000000001
6037113101,SanFernando,0.31800000000000006
6037113102,SanFernando,0.31800000000000006
6037113211,SanFernando,0.31800000000000006
6037113212,SanFernando,0.31800000000000006
6037113213,SanFernando,0.31800000000000006
6037113231,SanFernando,0.053000000000000005
6037113232,SanFernando,0.096
6037113234,SanFernando,0.096
6037113237,SanFernando,0.31800000000000006
6037113238,SanFernando,0.096
6037113239,SanFernando,0.096
6037113301,SanFernando,0.215
6037113303,SanFernando,0.217
6037113322,SanFernando,0.31800000000000006
6037113323,SanFernando,0.31800000000000006
6037113324,SanFernando,0.31800000000000006
6037113423,SanFernando,0.215
6037113424,SanFernando,0.215
6037113425,SanFernando,0.21400000000000002
6037113426,SanFernando,0.217
6037113427,SanFernando,0.096
6037113428,SanFernando,0.217
6037115101,SanFernando,0.217
6037115103,SanFernando,0.215
6037115104,SanFernando,0.215
6037115202,SanFernando,0.215
6037115203,SanFernando,0.215
6037115204,SanFernando,0.215
6037115301,SanFernando,0.215
6037115302,SanFernando,0.215
6037115401,SanFernando,0.215
6037115403,SanFernando,0.215
6037115404,SanFernando,0.215
6037117101,SanFernando,0.495
6037117102,SanFernando,0.495
6037117201,SanFernando,0.495
6037117202,SanFernando,0.495
6037117301,SanFernando,0.613
6037117302,SanFernando,0.217
6037117303,SanFernando,0.21300000000000002
6037117404,SanFernando,0.488
6037117405,SanFernando,0.495
6037117407,SanFernando,0.493
6037117408,SanFernando,0.485
6037117510,SanFernando,0.495
6037117520,SanFernando,0.494
6037117530,SanFernando,0.487
6037119001,SanFernando,0.345
6037119003,SanFernando,0.495
6037119004,SanFernando,0.345
6037119201,SanFernando,0.495
6037119202,SanFernando,0.495
6037119310,SanFernando,0.495
6037119320,SanFernando,0.495
6037119340,SanFernando,0.495
6037119341,SanFernando,0.495
6037119342,SanFernando,0.495
6037119400,SanFernando,0.339
6037119700,SanFernando,0.23
6037119801,SanFernando,0.348
6037119802,SanFernando,0.35
6037119900,SanFernando,0.298
6037120010,SanFernando,0.454
6037120020,SanFernando,0.02
6037120030,SanFernando,0.032
6037120103,SanFernando,0.494
6037120104,SanFernando,0.484
6037120105,SanFernando,0.494
6037120106,SanFernando,0.483
6037120107,SanFernando,0.489
6037120108,SanFernando,0.495
6037120300,SanFernando,0.14400000000000002
6037120400,SanFernando,0.187
6037121010,SanFernando,0.256
6037121020,SanFernando,0.256
6037121101,SanFernando,0.256
6037121102,SanFernando,0.34199999999999997
6037121210,SanFernando,0.34199999999999997
6037121221,SanFernando,0.256
6037121222,SanFernando,0.256
6037121600,SanFernando,0.256
6037121801,SanFernando,0.256
6037121802,SanFernando,0.256
6037121900,SanFernando,0.256
6037122000,SanFernando,0.253
6037122120,SanFernando,0.256
6037122121,SanFernando,0.256
6037122122,SanFernando,0.256
6037122200,SanFernando,0.255
6037122410,SanFernando,0.155
6037122420,SanFernando,0.154
6037123010,SanFernando,0.154
6037123020,SanFernando,0.155
6037123103,SanFernando,0.154
6037123104,SanFernando,0.16499999999999998
6037123203,SanFernando,0.154
6037123204,SanFernando,0.154
6037123205,SanFernando,0.154
6037123206,SanFernando,0.154
6037123301,SanFernando,0.155
6037123303,SanFernando,0.123
6037123304,SanFernando,0.14500000000000002
6037123410,SanFernando,0.095
6037123420,SanFernando,0.095
6037123510,SanFernando,0.095
6037123520,SanFernando,0.095
6037123601,SanFernando,0.095
6037123602,SanFernando,0.095
6037123700,SanFernando,0.095
6037123800,SanFernando,0.095
6037123901,SanFernando,0.154
6037123902,SanFernando,0.155
6037124000,SanFernando,0.095
6037124102,SanFernando,0.154
6037124103,SanFernando,0.154
6037124104,SanFernando,0.154
6037124105,SanFernando,0.154
6037124201,SanFernando,0.154
6037124203,SanFernando,0.16499999999999998
6037124204,SanFernando,0.16499999999999998
6037124300,SanFernando,0.16499999999999998
6037124400,SanFernando,0.095
6037124500,SanFernando,0.095
6037124600,SanFernando,0.095
6037124700,SanFernando,0.095
6037124902,SanFernando,0.095
6037124903,SanFernando,0.095
6037125101,SanFernando,0.13
6037125102,SanFernando,0.095
6037125200,SanFernando,0.14700000000000002
6037125310,SanFernando,0.16499999999999998
6037125321,SanFernando,0.16499999999999998
6037125322,SanFernando,0.16499999999999998
6037125402,SanFernando,0.14
6037125403,SanFernando,0.16499999999999998
6037125404,SanFernando,0.16499999999999998
6037125501,SanFernando,0.16499999999999998
6037125502,SanFernando,0.16399999999999998
6037125600,SanFernando,0.16499999999999998
6037127102,SanFernando,0.079
6037127103,SanFernando,0.095
6037127104,SanFernando,0.095
6037127210,SanFernando,0.034
6037127220,SanFernando,0.068
6037127300,SanFernando,0.02
6037127400,SanFernando,0.17300000000000001
6037127520,SanFernando,0.453
6037127603,SanFernando,0.02
6037127604,SanFernando,0.018000000000000002
6037127605,SanFernando,0.048
6037127606,SanFernando,0.033
6037127711,SanFernando,0.069
6037127712,SanFernando,0.048
6037127803,SanFernando,0.094
6037127804,SanFernando,0.07
6037127805,SanFernando,0.095
6037127806,SanFernando,0.095
6037127910,SanFernando,0.095
6037127920,SanFernando,0.095
6037128101,SanFernando,0.095
6037128102,SanFernando,0.095
6037128210,SanFernando,0.095
6037128220,SanFernando,0.095
6037128302,SanFernando,0.095
6037128303,SanFernando,0.095
6037128400,SanFernando,0.095
6037128500,SanFernando,0.095
6037128601,SanFernando,0.095
6037128602,SanFernando,0.095
6037128703,SanFernando,0.095
6037128704,SanFernando,0.095
6037128801,SanFernando,0.095
6037128802,SanFernando,0.095
6037128910,SanFernando,0.095
6037131021,SanFernando,0.215
6037131022,SanFernando,0.215
6037131023,SanFernando,0.215
6037131024,SanFernando,0.09500000000000001
6037131100,SanFernando,0.217
6037131200,SanFernando,0.217
6037131300,SanFernando,0.215
6037131400,SanFernando,0.215
6037131600,SanFernando,0.215
6037131701,SanFernando,0.216
6037131702,SanFernando,0.215
6037131801,SanFernando,0.215
6037131802,SanFernando,0.217
6037131900,SanFernando,0.217
6037132001,SanFernando,0.09500000000000001
6037132002,SanFernando,0.09400000000000001
6037132101,SanFernando,0.064
6037132102,SanFernando,0.059000000000000004
6037132301,SanFernando,0.09500000000000001
6037132302,SanFernando,0.09500000000000001
6037132501,SanFernando,0.09500000000000001
6037132502,SanFernando,0.09500000000000001
6037132700,SanFernando,0.09500000000000001
6037132900,SanFernando,0.09500000000000001
6037133000,SanFernando,0.09500000000000001
6037133101,SanFernando,0.09500000000000001
6037133102,SanFernando,0.09500000000000001
6037134001,SanFernando,0.096
6037134002,SanFernando,0.096
6037134101,SanFernando,0.215
6037134103,SanFernando,0.096
6037134104,SanFernando,0.096
6037134201,SanFernando,0.096
6037134302,SanFernando,0.096
6037134303,SanFernando,0.096
6037134304,SanFernando,0.096
6037134305,SanFernando,0.096
6037134306,SanFernando,0.096
6037134421,SanFernando,0.08700000000000001
6037134422,SanFernando,0.096
6037134423,SanFernando,0.096
6037134520,SanFernando,0.096
6037134521,SanFernando,0.096
6037134522,SanFernando,0.096
6037134710,SanFernando,0.096
6037134720,SanFernando,0.096
6037134801,SanFernando,0.096
6037134802,SanFernando,0.096
6037134901,SanFernando,0.09500000000000001
6037134904,SanFernando,0.096
6037134905,SanFernando,0.096
6037134906,SanFernando,0.096
6037134907,SanFernando,0.096
6037135102,SanFernando,0.096
6037135111,SanFernando,0.096
6037135113,SanFernando,0.096
6037135115,SanFernando,0.096
6037135116,SanFernando,0.096
6037135201,SanFernando,0.096
6037135202,SanFernando,0.096
6037135204,SanFernando,0.08700000000000001
6037137000,SanFernando,0.096
6037137103,SanFernando,0.096
6037137104,SanFernando,0.096
6037137202,SanFernando,0.096
6037137203,SanFernando,0.096
6037137301,SanFernando,0.096
6037137302,SanFernando,0.07500000000000001
6037137401,SanFernando,0.096
6037137402,SanFernando,0.096
6037137501,SanFernando,0.096
6037137502,SanFernando,0.096
6037137504,SanFernando,0.08100000000000002
6037138000,SanFernando,0.096
6037139001,SanFernando,0.09500000000000001
6037139200,SanFernando,0.09500000000000001
6037139301,SanFernando,0.09500000000000001
6037139302,SanFernando,0.09500000000000001
6037139303,SanFernando,0.09500000000000001
6037139401,SanFernando,0.09500000000000001
6037139402,SanFernando,0.09500000000000001
6037139502,SanFernando,0.09500000000000001
6037139504,SanFernando,0.09500000000000001
6037139505,SanFernando,0.09500000000000001
6037139506,SanFernando,0.09500000000000001
6037139600,SanFernando,0.09600000000000002
6037139701,SanFernando,0.059000000000000004
6037139703,SanFernando,0.08800000000000001
6037139704,SanFernando,0.059000000000000004
6037139705,SanFernando,0.027000000000000003
6037139801,SanFernando,0.09500000000000001
6037139802,SanFernando,0.08500000000000002
6037141101,SanFernando,0.095
6037141102,SanFernando,0.095
6037141201,SanFernando,0.095
6037141202,SanFernando,0.095
6037141303,SanFernando,0.095
6037141304,SanFernando,0.095
6037141305,SanFernando,0.092
6037141306,SanFernando,0.079
6037141400,SanFernando,0.049
6037141500,SanFernando,0.012
6037141600,SanFernando,0.05
6037141700,SanFernando,0.094
6037143101,SanFernando,0.013000000000000001
6037143102,SanFernando,0.114
6037143200,SanFernando,0.096
6037143301,SanFernando,0.07200000000000001
6037143302,SanFernando,0.049
6037143401,SanFernando,0.095
6037143402,SanFernando,0.095
6037143500,SanFernando,0.095
6037143602,SanFernando,0.033
6037143603,SanFernando,0.049
6037143605,SanFernando,0.01
6037143606,SanFernando,0.001
6037143700,SanFernando,0.039
6037143801,SanFernando,0.001
6037143802,SanFernando,0.003
6037143901,SanFernando,0.001
6037143902,SanFernando,0.095
6037181000,SanFernando,0.016
6037181300,SanFernando,0.065
6037181400,SanFernando,0.063
6037181500,SanFernando,0.042
6037181600,SanFernando,0.065
6037183101,SanFernando,0.042
6037183103,SanFernando,0.042
6037183104,SanFernando,0.042
6037183220,SanFernando,0.042
6037183221,SanFernando,0.042
6037183222,SanFernando,0.042
6037183300,SanFernando,0.042
6037183401,SanFernando,0.065
6037183402,SanFernando,0.065
6037183510,SanFernando,0.042
6037183520,SanFernando,0.042
6037183610,SanFernando,0.042
6037183620,SanFernando,0.042
6037183701,SanFernando,0.042
6037183702,SanFernando,0.042
6037183810,SanFernando,0.042
6037183820,SanFernando,0.042
6037185101,SanFernando,0.031000000000000003
6037185102,SanFernando,0.065
6037185202,SanFernando,0.031000000000000003
6037185203,SanFernando,0.031000000000000003
6037185204,SanFernando,0.031000000000000003
6037185310,SanFernando,0.031000000000000003
6037185320,SanFernando,0.031000000000000003
6037186100,SanFernando,0.065
6037186201,SanFernando,0.065
6037186202,SanFernando,0.065
6037186203,SanFernando,0.065
6037186301,SanFernando,0.065
6037186302,SanFernando,0.065
6037186401,SanFernando,0.058
6037186403,SanFernando,0.058
6037186404,SanFernando,0.065
6037187101,SanFernando,0.058
6037187102,SanFernando,0.058
6037187200,SanFernando,0.058
6037187300,SanFernando,0.058
6037188100,SanFernando,0.008
6037188201,SanFernando,0.067
6037188202,SanFernando,0.067
6037188300,SanFernando,0.067
6037189101,SanFernando,0.026000000000000002
6037189102,SanFernando,0.026000000000000002
6037189201,SanFernando,0.026000000000000002
6037189202,SanFernando,0.026000000000000002
6037189300,SanFernando,0.026000000000000002
6037189400,SanFernando,0.039
6037189501,SanFernando,0.039
6037189502,SanFernando,0.039
6037189600,SanFernando,0.039
6037189702,SanFernando,0.039
6037189703,SanFernando,0.039
6037189704,SanFernando,0.039
6037189801,SanFernando,0.017
6037189802,SanFernando,0.017
6037189903,SanFernando,0.017
6037189904,SanFernando,0.019
6037189905,SanFernando,0.017
6037189906,SanFernando,0.019
6037189907,SanFernando,0.019
6037190101,SanFernando,0.017
6037190102,SanFernando,0.019
6037190201,SanFernando,0.019
6037190202,SanFernando,0.019
6037190302,SanFernando,0.020000000000000004
6037190303,SanFernando,0.026000000000000002
6037190401,SanFernando,0.026000000000000002
6037190402,SanFernando,0.026000000000000002
6037190510,SanFernando,0.026000000000000002
6037190520,SanFernando,0.026000000000000002
6037190701,SanFernando,0.019
6037190702,SanFernando,0.019
6037190801,SanFernando,0.019
6037190802,SanFernando,0.019
6037190901,SanFernando,0.026000000000000002
6037190902,SanFernando,0.017
6037191000,SanFernando,0.015
6037191110,SanFernando,0.026000000000000002
6037191120,SanFernando,0.026000000000000002
6037191201,SanFernando,0.026000000000000002
6037191203,SanFernando,0.026000000000000002
6037191204,SanFernando,0.026000000000000002
6037191301,SanFernando,0.026000000000000002
6037191302,SanFernando,0.026000000000000002
6037191410,SanFernando,0.026000000000000002
6037191420,SanFernando,0.026000000000000002
6037191500,SanFernando,0.026000000000000002
6037191610,SanFernando,0.026000000000000002
6037191620,SanFernando,0.026000000000000002
6037191710,SanFernando,0.012
6037191720,SanFernando,0.024
6037191810,SanFernando,0.019
6037191820,SanFernando,0.019
6037191901,SanFernando,0.019
6037191902,SanFernando,0.019
6037192001,SanFernando,0.019
6037192002,SanFernando,0.019
6037192300,SanFernando,0.019
6037192410,SanFernando,0.011
6037192420,SanFernando,0.011
6037192510,SanFernando,0.014
6037192520,SanFernando,0.024
6037192610,SanFernando,0.026000000000000002
6037192620,SanFernando,0.024
6037192700,SanFernando,0.026000000000000002
6037194101,SanFernando,0.017
6037194102,SanFernando,0.017
6037194200,SanFernando,0.017
6037194300,SanFernando,0.008
6037194401,SanFernando,0.019
6037194402,SanFernando,0.019
6037194500,SanFernando,0.019
6037195100,SanFernando,0.067
6037195201,SanFernando,0.067
6037195202,SanFernando,0.026000000000000002
6037195300,SanFernando,0.026000000000000002
6037195400,SanFernando,0.026000000000000002
6037195500,SanFernando,0.01
6037195600,SanFernando,0.014
6037195710,SanFernando,0.007
6037195720,SanFernando,0.0
6037195802,SanFernando,0.014
6037195803,SanFernando,0.026000000000000002
6037195804,SanFernando,0.016
6037195901,SanFernando,0.026000000000000002
6037195902,SanFernando,0.026000000000000002
6037195903,SanFernando,0.026000000000000002
6037197200,SanFernando,0.031000000000000003
6037197300,SanFernando,0.001
6037197410,SanFernando,0.037
6037197420,SanFernando,0.006
6037197500,SanFernando,0.001
6037197600,SanFernando,0.003
6037197700,SanFernando,0.012
6037199001,SanFernando,0.031000000000000003
6037199002,SanFernando,0.031000000000000003
6037199110,SanFernando,0.031000000000000003
6037199120,SanFernando,0.031000000000000003
6037199201,SanFernando,0.031000000000000003
6037199202,SanFernando,0.031000000000000003
6037199300,SanFernando,0.031000000000000003
6037199400,SanFernando,0.031000000000000003
6037199700,SanFernando,0.012
6037199801,SanFernando,0.012
6037199802,SanFernando,0.012
6037199900,SanFernando,0.012
6037201110,SanFernando,0.042
6037201120,SanFernando,0.042
6037201200,SanFernando,0.042
6037201301,SanFernando,0.028
6037201302,SanFernando,0.042
6037201401,SanFernando,0.017
6037201402,SanFernando,0.007
6037201501,SanFernando,0.021
6037201503,SanFernando,0.031
6037201504,SanFernando,0.004
6037201601,SanFernando,0.004
6037201602,SanFernando,0.001
6037201700,SanFernando,0.001
6037203100,SanFernando,0.001
6037203200,SanFernando,0.001
6037203300,SanFernando,0.012
6037203500,SanFernando,0.012
6037203601,SanFernando,0.003
6037203602,SanFernando,0.003
6037203710,SanFernando,0.0
6037203720,SanFernando,0.0
6037203800,SanFernando,0.0
6037203900,SanFernando,0.006
6037204110,SanFernando,0.006
6037204120,SanFernando,0.006
6037204200,SanFernando,0.002
6037204300,SanFernando,0.005
6037204410,SanFernando,0.009000000000000001
6037204420,SanFernando,0.009000000000000001
6037204600,SanFernando,0.009000000000000001
6037204700,SanFernando,0.009000000000000001
6037204810,SanFernando,0.006
6037204820,SanFernando,0.006
6037204910,SanFernando,0.006
6037204920,SanFernando,0.006
6037205110,SanFernando,0.006
6037205120,SanFernando,0.006
6037206010,SanFernando,0.012
6037206020,SanFernando,0.012
6037206050,SanFernando,0.009000000000000001
6037206051,SanFernando,0.009000000000000001
6037206052,SanFernando,0.009000000000000001
6037206053,SanFernando,0.009000000000000001
6037206054,SanFernando,0.009000000000000001
6037206201,SanFernando,0.014
6037206202,SanFernando,0.014
6037206301,SanFernando,0.014
6037206302,SanFernando,0.014
6037206303,SanFernando,0.014
6037207101,SanFernando,0.012
6037207102,SanFernando,0.012
6037207103,SanFernando,0.012
6037207303,SanFernando,0.014
6037207304,SanFernando,0.014
6037207305,SanFernando,0.014
6037207306,SanFernando,0.014
6037207307,SanFernando,0.014
6037207308,SanFernando,0.014
6037207400,SanFernando,0.014
6037207501,SanFernando,0.014
6037207502,SanFernando,0.014
6037207711,SanFernando,0.014
6037207712,SanFernando,0.014
6037207901,SanFernando,0.014
6037207902,SanFernando,0.014
6037208001,SanFernando,0.01
6037208002,SanFernando,0.003
6037208301,SanFernando,0.003
6037208302,SanFernando,0.003
6037208401,SanFernando,0.001
6037208402,SanFernando,0.0
6037208501,SanFernando,0.0
6037208502,SanFernando,0.0
6037208610,SanFernando,0.01
6037208620,SanFernando,0.004
6037208710,SanFernando,0.002
6037208720,SanFernando,0.0
6037208801,SanFernando,0.0
6037208802,SanFernando,0.0
6037208902,SanFernando,0.003
6037208903,SanFernando,0.001
6037208904,SanFernando,0.003
6037209103,SanFernando,0.004
6037209104,SanFernando,0.003
6037209105,SanFernando,0.003
6037209106,SanFernando,0.004
6037209201,SanFernando,0.014
6037209202,SanFernando,0.014
6037209300,SanFernando,0.005
6037209401,SanFernando,0.0
6037209402,SanFernando,0.001
6037209403,SanFernando,0.003
6037209510,SanFernando,0.0
6037209520,SanFernando,0.002
6037209810,SanFernando,0.0
6037209820,SanFernando,0.001
6037210010,SanFernando,0.004
6037211000,SanFernando,0.017
6037211121,SanFernando,0.011
6037211122,SanFernando,0.011
6037211123,SanFernando,0.001
6037211124,SanFernando,0.002
6037211201,SanFernando,0.011
6037211202,SanFernando,0.014
6037211310,SanFernando,0.004
6037211320,SanFernando,0.007
6037211410,SanFernando,0.004
6037211420,SanFernando,0.004
6037211500,SanFernando,0.004
6037211701,SanFernando,0.002
6037211703,SanFernando,0.002
6037211704,SanFernando,0.0
6037211802,SanFernando,0.001
6037211803,SanFernando,0.002
6037211804,SanFernando,0.001
6037211910,SanFernando,0.002
6037211921,SanFernando,0.002
6037211922,SanFernando,0.002
6037212101,SanFernando,0.001
6037212102,SanFernando,0.001
6037212202,SanFernando,0.0
6037212203,SanFernando,0.0
6037212204,SanFernando,0.0
6037212303,SanFernando,0.0
6037212304,SanFernando,0.0
6037212305,SanFernando,0.0
6037212306,SanFernando,0.0
6037212410,SanFernando,0.0
6037212420,SanFernando,0.0
6037212501,SanFernando,0.0
6037212502,SanFernando,0.0
6037212610,SanFernando,0.0
6037212620,SanFernando,0.0
6037212701,SanFernando,0.0
6037212702,SanFernando,0.002
6037212800,SanFernando,0.0
6037212900,SanFernando,0.0
6037213100,SanFernando,0.0
6037213201,SanFernando,0.0
6037213202,SanFernando,0.0
6037213310,SanFernando,0.0
6037213320,SanFernando,0.0
6037213401,SanFernando,0.0
6037213402,SanFernando,0.0
6037214000,SanFernando,0.019
6037214100,SanFernando,0.019
6037214400,SanFernando,0.019
6037214501,SanFernando,0.019
6037214503,SanFernando,0.019
6037214504,SanFernando,0.019
6037214505,SanFernando,0.019
6037214600,SanFernando,0.019
6037214700,SanFernando,0.01
6037214800,SanFernando,0.009000000000000001
6037214902,SanFernando,0.004
6037214903,SanFernando,0.002
6037214904,SanFernando,0.002
6037215101,SanFernando,0.013000000000000001
6037215102,SanFernando,0.019
6037216100,SanFernando,0.003
6037216201,SanFernando,0.001
6037216202,SanFernando,0.009000000000000001
6037216301,SanFernando,0.009000000000000001
6037216302,SanFernando,0.009000000000000001
6037216401,SanFernando,0.009000000000000001
6037216402,SanFernando,0.009000000000000001
6037216700,SanFernando,0.009000000000000001
6037216800,SanFernando,0.009000000000000001
6037216901,SanFernando,0.009000000000000001
6037216902,SanFernando,0.009000000000000001
6037217001,SanFernando,0.009000000000000001
6037217002,SanFernando,0.009000000000000001
6037217101,SanFernando,0.009000000000000001
6037217102,SanFernando,0.009000000000000001
6037217200,SanFernando,0.004
6037218110,SanFernando,0.0
6037218120,SanFernando,0.0
6037218210,SanFernando,0.009000000000000001
6037218220,SanFernando,0.0
6037218300,SanFernando,0.009000000000000001
6037218400,SanFernando,0.009000000000000001
6037218500,SanFernando,0.009000000000000001
6037218600,SanFernando,0.009000000000000001
6037218701,SanFernando,0.0
6037218702,SanFernando,0.0
6037218800,SanFernando,0.0
6037218900,SanFernando,0.0
6037219010,SanFernando,0.0
6037219020,SanFernando,0.0
6037219300,SanFernando,0.0
6037219500,SanFernando,0.0
6037219700,SanFernando,0.009000000000000001
6037219800,SanFernando,0.009000000000000001
6037219901,SanFernando,0.009000000000000001
6037219902,SanFernando,0.009000000000000001
6037220000,SanFernando,0.001
6037220100,SanFernando,0.009000000000000001
6037221110,SanFernando,0.0
6037221120,SanFernando,0.0
6037221210,SanFernando,0.0
6037221220,SanFernando,0.0
6037221302,SanFernando,0.0
6037221303,SanFernando,0.0
6037221304,SanFernando,0.0
6037221401,SanFernando,0.0
6037221402,SanFernando,0.0
6037221500,SanFernando,0.0
6037221601,SanFernando,0.0
6037221602,SanFernando,0.0
6037221710,SanFernando,0.0
6037221810,SanFernando,0.0
6037221820,SanFernando,0.0
6037221900,SanFernando,0.0
6037222001,SanFernando,0.0
6037222002,SanFernando,0.0
6037222100,SanFernando,0.0
6037222200,SanFernando,0.0
6037222500,SanFernando,0.0
6037222600,SanFernando,0.0
6037222700,SanFernando,0.0
6037224010,SanFernando,0.014
6037224020,SanFernando,0.004
6037224200,SanFernando,0.003
6037224310,SanFernando,0.0
6037224320,SanFernando,0.0
6037224410,SanFernando,0.0
6037224420,SanFernando,0.001
6037224600,SanFernando,0.0
6037224701,SanFernando,0.0
6037224702,SanFernando,0.0
6037226001,SanFernando,0.007
6037226002,SanFernando,0.014
6037226410,SanFernando,0.003
6037226420,SanFernando,0.003
6037226701,SanFernando,0.0
6037226702,SanFernando,0.001
6037227010,SanFernando,0.0
6037227020,SanFernando,0.001
6037228100,SanFernando,0.0
6037228210,SanFernando,0.0
6037228220,SanFernando,0.0
6037228310,SanFernando,0.0
6037228320,SanFernando,0.0
6037228410,SanFernando,0.0
6037228420,SanFernando,0.0
6037228500,SanFernando,0.0
6037228600,SanFernando,0.0
6037228710,SanFernando,0.0
6037228720,SanFernando,0.0
6037228800,SanFernando,0.0
6037228900,SanFernando,0.0
6037229100,SanFernando,0.0
6037229200,SanFernando,0.0
6037229300,SanFernando,0.0
6037229410,SanFernando,0.0
6037229420,SanFernando,0.0
6037231100,SanFernando,0.0
6037231210,SanFernando,0.0
6037231220,SanFernando,0.0
6037231301,SanFernando,0.0
6037231302,SanFernando,0.0
6037231400,SanFernando,0.0
6037231500,SanFernando,0.0
6037231601,SanFernando,0.0
6037231602,SanFernando,0.0
6037231603,SanFernando,0.0
6037231710,SanFernando,0.0
6037231720,SanFernando,0.0
6037231800,SanFernando,0.0
6037231901,SanFernando,0.0
6037231902,SanFernando,0.0
6037232110,SanFernando,0.0
6037232120,SanFernando,0.0
6037232200,SanFernando,0.0
6037232300,SanFernando,0.0
6037232401,SanFernando,0.0
6037232402,SanFernando,0.0
6037232500,SanFernando,0.0
6037232601,SanFernando,0.0
6037232602,SanFernando,0.0
6037232701,SanFernando,0.0
6037232702,SanFernando,0.0
6037232800,SanFernando,0.0
6037234001,SanFernando,0.0
6037234002,SanFernando,0.0
6037234200,SanFernando,0.0
6037234301,SanFernando,0.0
6037234302,SanFernando,0.0
6037234501,SanFernando,0.0
6037234502,SanFernando,0.0
6037234600,SanFernando,0.0
6037234700,SanFernando,0.0
6037234800,SanFernando,0.0
6037234901,SanFernando,0.0
6037234902,SanFernando,0.0
6037235100,SanFernando,0.0
6037235201,SanFernando,0.002
6037235202,SanFernando,0.001
6037236001,SanFernando,0.009000000000000001
6037236101,SanFernando,0.0
6037236102,SanFernando,0.0
6037236203,SanFernando,0.001
6037236204,SanFernando,0.0
6037236205,SanFernando,0.001
6037236206,SanFernando,0.009000000000000001
6037236400,SanFernando,0.0
6037237101,SanFernando,0.0
6037237102,SanFernando,0.0
6037237201,SanFernando,0.0
6037237202,SanFernando,0.0
6037237300,SanFernando,0.0
6037237401,SanFernando,0.0
6037237402,SanFernando,0.0
6037237500,SanFernando,0.0
6037237600,SanFernando,0.0
6037237710,SanFernando,0.0
6037237720,SanFernando,0.0
6037237800,SanFernando,0.002
6037237900,SanFernando,0.002
6037238000,SanFernando,0.002
6037238100,SanFernando,0.002
6037238200,SanFernando,0.002
6037238310,SanFernando,0.002
6037238320,SanFernando,0.002
6037238400,SanFernando,0.002
6037239201,SanFernando,0.0
6037239202,SanFernando,0.0
6037239310,SanFernando,0.0
6037239320,SanFernando,0.001
6037239330,SanFernando,0.004
6037239501,SanFernando,0.004
6037239502,SanFernando,0.004
6037239601,SanFernando,0.004
6037239602,SanFernando,0.004
6037239701,SanFernando,0.004
6037239702,SanFernando,0.004
6037239801,SanFernando,0.004
6037239802,SanFernando,0.004
6037240010,SanFernando,0.004
6037240020,SanFernando,0.004
6037240200,SanFernando,0.004
6037240301,SanFernando,0.004
6037240302,SanFernando,0.002
6037240401,SanFernando,0.002
6037240402,SanFernando,0.002
6037240500,SanFernando,0.004
6037240600,SanFernando,0.004
6037240700,SanFernando,0.004
6037240800,SanFernando,0.004
6037240901,SanFernando,0.004
6037240902,SanFernando,0.004
6037241001,SanFernando,0.004
6037241002,SanFernando,0.004
6037241110,SanFernando,0.004
6037241120,SanFernando,0.004
6037241201,SanFernando,0.002
6037241202,SanFernando,0.002
6037241300,SanFernando,0.002
6037241400,SanFernando,0.004
6037242000,SanFernando,0.004
6037242100,SanFernando,0.004
6037242201,SanFernando,0.004
6037242202,SanFernando,0.004
6037242300,SanFernando,0.004
6037242600,SanFernando,0.004
6037242700,SanFernando,0.004
6037243001,SanFernando,0.004
6037243002,SanFernando,0.004
6037243100,SanFernando,0.004
6037261102,SanFernando,0.0
6037261103,SanFernando,0.006
6037261104,SanFernando,0.001
6037261200,SanFernando,0.0
6037262100,SanFernando,0.008
6037262200,SanFernando,0.003
6037262301,SanFernando,0.0
6037262302,SanFernando,0.008
6037262303,SanFernando,0.007
6037262400,SanFernando,0.0
6037262501,SanFernando,0.0
6037262601,SanFernando,0.0
6037262604,SanFernando,0.0
6037262704,SanFernando,0.0
6037262706,SanFernando,0.0
6037262802,SanFernando,0.0
6037264000,SanFernando,0.005
6037264102,SanFernando,0.005
6037264103,SanFernando,0.005
6037264303,SanFernando,0.005
6037264304,SanFernando,0.005
6037264305,SanFernando,0.005
6037264306,SanFernando,0.005
6037265100,SanFernando,0.001
6037265201,SanFernando,0.008
6037265203,SanFernando,0.008
6037265204,SanFernando,0.008
6037265301,SanFernando,0.008
6037265303,SanFernando,0.008
6037265304,SanFernando,0.008
6037265306,SanFernando,0.008
6037265307,SanFernando,0.008
6037265410,SanFernando,0.008
6037265420,SanFernando,0.008
6037265521,SanFernando,0.008
6037265522,SanFernando,0.008
6037265523,SanFernando,0.008
6037265524,SanFernando,0.008
6037265601,SanFernando,0.008
6037265602,SanFernando,0.008
6037265701,SanFernando,0.008
6037265702,SanFernando,0.008
6037267101,SanFernando,0.008
6037267102,SanFernando,0.008
6037267201,SanFernando,0.008
6037267202,SanFernando,0.008
6037267300,SanFernando,0.011
6037267403,SanFernando,0.011
6037267404,SanFernando,0.011
6037267405,SanFernando,0.011
6037267406,SanFernando,0.011
6037267502,SanFernando,0.011
6037267503,SanFernando,0.011
6037267504,SanFernando,0.011
6037267600,SanFernando,0.011
6037267700,SanFernando,0.011
6037267800,SanFernando,0.008
6037267901,SanFernando,0.008
6037267902,SanFernando,0.008
6037269000,SanFernando,0.0
6037269100,SanFernando,0.009000000000000001
6037269300,SanFernando,0.008
6037269500,SanFernando,0.009000000000000001
6037269601,SanFernando,0.009000000000000001
6037269602,SanFernando,0.009000000000000001
6037269700,SanFernando,0.009000000000000001
6037269800,SanFernando,0.009000000000000001
6037269903,SanFernando,0.0
6037269905,SanFernando,0.0
6037269906,SanFernando,0.0
6037269907,SanFernando,0.0
6037269908,SanFernando,0.0
6037269909,SanFernando,0.0
6037270101,SanFernando,0.009000000000000001
6037270102,SanFernando,0.004
6037270200,SanFernando,0.009000000000000001
6037270300,SanFernando,0.009000000000000001
6037271100,SanFernando,0.008
6037271200,SanFernando,0.011
6037271300,SanFernando,0.011
6037271400,SanFernando,0.0
6037271500,SanFernando,0.0
6037271600,SanFernando,0.0
6037271702,SanFernando,0.0
6037271703,SanFernando,0.0
6037271704,SanFernando,0.001
6037271801,SanFernando,0.0
6037271803,SanFernando,0.0
6037271804,SanFernando,0.0
6037271901,SanFernando,0.001
6037271902,SanFernando,0.001
6037272100,SanFernando,0.001
6037272201,SanFernando,0.001
6037272202,SanFernando,0.001
6037272301,SanFernando,0.001
6037272302,SanFernando,0.001
6037273100,SanFernando,0.0
6037273200,SanFernando,0.0
6037273300,SanFernando,0.0
6037273403,SanFernando,0.0
6037273404,SanFernando,0.0
6037273502,SanFernando,0.0
6037273600,SanFernando,0.0
6037273700,SanFernando,0.0
6037273800,SanFernando,0.0
6037273902,SanFernando,0.0
6037274100,SanFernando,0.001
6037275101,SanFernando,0.001
6037275102,SanFernando,0.001
6037275200,SanFernando,0.001
6037275311,SanFernando,0.001
6037275312,SanFernando,0.001
6037275313,SanFernando,0.001
6037275400,SanFernando,0.001
6037275500,SanFernando,0.001
6037275603,SanFernando,0.001
6037275604,SanFernando,0.001
6037275605,SanFernando,0.001
6037276000,SanFernando,0.0
6037276101,SanFernando,0.0
6037276102,SanFernando,0.0
6037276400,SanFernando,0.0
6037276500,SanFernando,0.001
6037276601,SanFernando,0.0
6037276605,SanFernando,0.0
6037276606,SanFernando,0.0
6037276607,SanFernando,0.0
6037276608,SanFernando,0.0
6037277000,SanFernando,0.0
6037277100,SanFernando,0.0
6037277200,SanFernando,0.0
6037277400,SanFernando,0.0
6037278001,SanFernando,0.0
6037278102,SanFernando,0.0
6037291110,SanFernando,0.0
6037291120,SanFernando,0.0
6037291130,SanFernando,0.0
6037291210,SanFernando,0.0
6037291220,SanFernando,0.0
6037291300,SanFernando,0.0
6037292001,SanFernando,0.001
6037292002,SanFernando,0.001
6037293203,SanFernando,0.001
6037293204,SanFernando,0.0
6037293205,SanFernando,0.001
6037293206,SanFernando,0.001
6037293301,SanFernando,0.001
6037293302,SanFernando,0.001
6037293304,SanFernando,0.001
6037293306,SanFernando,0.001
6037293307,SanFernando,0.001
6037294110,SanFernando,0.0
6037294120,SanFernando,0.0
6037294200,SanFernando,0.0
6037294301,SanFernando,0.0
6037294302,SanFernando,0.0
6037294410,SanFernando,0.001
6037294421,SanFernando,0.001
6037294510,SanFernando,0.0
6037294520,SanFernando,0.0
6037294610,SanFernando,0.0
6037294620,SanFernando,0.0
6037294701,SanFernando,0.0
6037294810,SanFernando,0.0
6037294820,SanFernando,0.0
6037294830,SanFernando,0.0
6037294900,SanFernando,0.0
6037295103,SanFernando,0.0
6037296210,SanFernando,0.0
6037296220,SanFernando,0.0
6037296300,SanFernando,0.0
6037296401,SanFernando,0.0
6037296402,SanFernando,0.0
6037296500,SanFernando,0.0
6037296600,SanFernando,0.0
6037296901,SanFernando,0.0
6037296902,SanFernando,0.0
6037297001,SanFernando,0.0
6037297002,SanFernando,0.0
6037297110,SanFernando,0.0
6037297120,SanFernando,0.0
6037297201,SanFernando,0.0
6037297202,SanFernando,0.0
6037297300,SanFernando,0.0
6037297400,SanFernando,0.0
6037297502,SanFernando,0.0
6037297602,SanFernando,0.0
6037700901,SanFernando,0.003
6037980008,SanFernando,0.21100000000000002
6037980009,SanFernando,0.002
6037980010,SanFernando,0.012
6037980014,SanFernando,0.0
6037980015,SanFernando,0.001
6037980019,SanFernando,0.0
6037980020,SanFernando,0.0
6037980021,SanFernando,0.347
6037980022,SanFernando,0.797
6037980023,SanFernando,0.07500000000000001
6037980024,SanFernando,0.059000000000000004
6037980026,SanFernando,0.015
6037980028,SanFernando,0.0
6037980031,SanFernando,0.0
