scenario,substation_id,mean_repair_time_hr,task_threshold_hr,is_repair_task,avg_damage_state,p_ds_ge1,p_ds_ge2,p_ds_ge3,p_ds4
Northridge,300105,1.122799594758832,1.0,True,0.662,0.546,0.112,0.004,0.0
Northridge,300232,2.2360647892905408,1.0,True,1.004,0.7160000000000001,0.257,0.031,0.0
Northridge,300390,1.0126979324302572,1.0,True,0.623,0.529,0.09,0.004,0.0
Northridge,300408,0.4998966258088754,1.0,False,0.40199999999999997,0.376,0.024,0.002,0.0
Northridge,300429,27.001602610245953,1.0,True,3.613,0.998,0.998,0.997,0.62
Northridge,300493,32.25452384786467,1.0,True,3.822,0.999,0.998,0.99,0.835
Northridge,300558,0.43976898173499895,1.0,False,0.353,0.33,0.023,0.0,0.0
Northridge,300627,1.443342494567528,1.0,True,0.7510000000000001,0.5860000000000001,0.143,0.022,0.0
Northridge,300648,2.066041923981995,1.0,True,0.955,0.684,0.22299999999999998,0.048,0.0
Northridge,300829,4.469358660557338,1.0,True,1.5190000000000001,0.878,0.496,0.135,0.01
Northridge,301100,4.508595829454544,1.0,True,1.524,0.866,0.503,0.14400000000000002,0.011
Northridge,301105,20.160775877509124,1.0,True,3.157,0.996,0.948,0.8240000000000001,0.389
Northridge,301108,3.9240709938768004,1.0,True,1.355,0.8230000000000001,0.41900000000000004,0.10600000000000001,0.007
Northridge,301156,8.66653548085342,1.0,True,2.248,0.9490000000000001,0.725,0.531,0.043
Northridge,301194,10.12336078248764,1.0,True,2.313,0.956,0.7739999999999999,0.479,0.104
Northridge,301214,32.36585461364584,1.0,True,3.846,1.0,0.998,0.989,0.859
Northridge,301517,0.5690858093908582,1.0,False,0.421,0.387,0.033,0.001,0.0
Northridge,301541,3.5020220149210637,1.0,True,1.2880000000000003,0.7979999999999999,0.383,0.10200000000000001,0.005
Northridge,301543,2.3982382443774877,1.0,True,1.008,0.699,0.244,0.064,0.001
Northridge,301558,2.441771456478454,1.0,True,1.0699999999999998,0.747,0.285,0.037,0.001
Northridge,301614,3.2164520198607662,1.0,True,1.225,0.773,0.338,0.114,0.0
Northridge,301636,23.813447125789736,1.0,True,3.433,0.998,0.977,0.967,0.491
Northridge,301637,3.1618027175290417,1.0,True,1.187,0.758,0.315,0.112,0.002
Northridge,301745,4.305524142811234,1.0,True,1.4700000000000002,0.824,0.444,0.201,0.001
Northridge,302164,1.1131343131079898,1.0,True,0.66,0.549,0.09999999999999999,0.011,0.0
Northridge,302171,9.739848062945264,1.0,True,2.373,0.9510000000000001,0.7670000000000001,0.5990000000000001,0.056
Northridge,302187,1.853163725128367,1.0,True,0.8830000000000001,0.663,0.20500000000000002,0.013999999999999999,0.001
Northridge,302297,2.0784166321819186,1.0,True,0.9570000000000001,0.676,0.22999999999999998,0.051,0.0
Northridge,302798,4.4430433608784154,1.0,True,1.518,0.847,0.45299999999999996,0.212,0.006
Northridge,302923,2.4973354640348107,1.0,True,1.074,0.732,0.273,0.069,0.0
Northridge,303099,8.631166653725284,1.0,True,2.2220000000000004,0.923,0.722,0.539,0.038
Northridge,303169,1.7643374601733017,1.0,True,0.8830000000000001,0.664,0.20400000000000001,0.015,0.0
Northridge,303303,0.9135012320317731,1.0,False,0.586,0.501,0.08,0.005,0.0
Northridge,303344,2.38808698555482,1.0,True,1.046,0.7190000000000001,0.259,0.068,0.0
Northridge,303371,3.6810542501896544,1.0,True,1.351,0.829,0.41400000000000003,0.101,0.007
Northridge,303540,0.693672761945142,1.0,False,0.482,0.429,0.052,0.001,0.0
Northridge,303620,26.127414550142138,1.0,True,3.518,0.997,0.974,0.9359999999999999,0.611
Northridge,303899,12.329240290161582,1.0,True,2.5789999999999997,0.968,0.842,0.622,0.147
Northridge,304040,3.0252038323909094,1.0,True,1.167,0.752,0.322,0.093,0.0
Northridge,304073,3.629837047352735,1.0,True,1.366,0.84,0.42600000000000005,0.095,0.005
Northridge,304137,0.7905455779214594,1.0,False,0.53,0.46799999999999997,0.057999999999999996,0.004,0.0
Northridge,304450,0.9942878935362869,1.0,False,0.608,0.512,0.094,0.002,0.0
Northridge,305780,2.455942451940805,1.0,True,1.057,0.717,0.266,0.074,0.0
Northridge,305885,3.9077132866042192,1.0,True,1.3539999999999999,0.7849999999999999,0.392,0.177,0.0
Northridge,305984,1.7828943942504778,1.0,True,0.8919999999999999,0.684,0.189,0.019,0.0
Northridge,306060,3.404400767291035,1.0,True,1.301,0.819,0.394,0.084,0.004
Northridge,306091,2.0698520291244193,1.0,True,0.9309999999999999,0.673,0.218,0.04,0.0
Northridge,306224,0.7141567245201514,1.0,False,0.503,0.45499999999999996,0.046,0.002,0.0
Northridge,306279,1.6073825324788837,1.0,True,0.8350000000000001,0.643,0.17900000000000002,0.013,0.0
Northridge,306365,0.9499973544782014,1.0,False,0.624,0.545,0.078,0.001,0.0
Northridge,306369,0.9793682265090328,1.0,False,0.596,0.498,0.088,0.01,0.0
Northridge,306444,5.459193739959872,1.0,True,1.685,0.8660000000000001,0.532,0.278,0.009
Northridge,306450,2.9396762672546872,1.0,True,1.158,0.7559999999999999,0.32,0.082,0.0
Northridge,306489,31.95130412081885,1.0,True,3.807,0.9989999999999999,0.994,0.984,0.83
Northridge,306623,1.6323153235014134,1.0,True,0.828,0.63,0.172,0.026,0.0
Northridge,306694,12.013337418887604,1.0,True,2.703,0.977,0.866,0.77,0.09
Northridge,306768,14.532257360963532,1.0,True,2.78,0.984,0.8879999999999999,0.694,0.214
Northridge,306844,1.9114698627793814,1.0,True,0.901,0.655,0.217,0.029,0.0
Northridge,307039,1.346988081642127,1.0,True,0.7520000000000001,0.602,0.14100000000000001,0.009,0.0
Northridge,307274,0.5465525822772117,1.0,False,0.409,0.38,0.026,0.003,0.0
Northridge,307373,1.388368831331689,1.0,True,0.726,0.5860000000000001,0.132,0.008,0.0
Northridge,307512,11.995201655500397,1.0,True,2.547,0.9750000000000001,0.843,0.5940000000000001,0.135
Northridge,307557,2.3322354380283383,1.0,True,0.9970000000000001,0.7020000000000001,0.232,0.062,0.001
Northridge,307564,0.9946459522624584,1.0,False,0.604,0.508,0.087,0.009,0.0
Northridge,307693,35.30478413006478,1.0,True,3.983,1.0,1.0,1.0,0.983
Northridge,307785,5.330043108366818,1.0,True,1.69,0.8660000000000001,0.528,0.29,0.006
Northridge,307832,3.074511305597255,1.0,True,1.2469999999999999,0.823,0.34700000000000003,0.075,0.002
Northridge,308206,11.66641780290954,1.0,True,2.458,0.9780000000000001,0.809,0.536,0.135
Northridge,308269,6.806454969172786,1.0,True,1.924,0.937,0.654,0.30000000000000004,0.033
Northridge,308367,0.9868448408019337,1.0,False,0.627,0.526,0.097,0.004,0.0
Northridge,308471,1.1290195131710519,1.0,True,0.65,0.531,0.105,0.014,0.0
Northridge,308494,12.433338635802407,1.0,True,2.564,0.9770000000000001,0.841,0.589,0.157
Northridge,308540,1.0868043572208173,1.0,True,0.658,0.552,0.10300000000000001,0.003,0.0
Northridge,308581,0.8186626609794746,1.0,False,0.535,0.475,0.055999999999999994,0.004,0.0
Northridge,308786,8.41091515830122,1.0,True,2.095,0.947,0.7050000000000001,0.386,0.057
Northridge,308806,1.1120497880039086,1.0,True,0.627,0.516,0.094,0.017,0.0
Northridge,308907,2.4533910946749424,1.0,True,1.056,0.7299999999999999,0.25,0.076,0.0
Northridge,308991,27.221600587505698,1.0,True,3.582,0.997,0.9830000000000001,0.9590000000000001,0.643
Northridge,309042,6.477832580757833,1.0,True,1.8860000000000001,0.925,0.659,0.276,0.026
Northridge,309156,1.4870960043950758,1.0,True,0.759,0.5900000000000001,0.14100000000000001,0.028,0.0
Northridge,309553,3.8276183731222346,1.0,True,1.4089999999999998,0.845,0.434,0.125,0.005
Northridge,309569,19.98273453329513,1.0,True,3.1319999999999997,0.996,0.9329999999999999,0.8089999999999999,0.394
Northridge,309663,9.282573222497009,1.0,True,2.226,0.962,0.746,0.435,0.083
Northridge,309703,3.7132900483943385,1.0,True,1.369,0.836,0.418,0.11,0.005
Northridge,309758,1.5527964279016984,1.0,True,0.7799999999999999,0.5880000000000001,0.16,0.032,0.0
Northridge,309843,14.67801334744684,1.0,True,2.794,0.985,0.895,0.686,0.228
Northridge,309853,0.6751649184295981,1.0,False,0.45199999999999996,0.40299999999999997,0.047,0.002,0.0
Northridge,310179,0.6673297907199354,1.0,False,0.42300000000000004,0.373,0.047,0.003,0.0
Northridge,310199,32.63896955845983,1.0,True,3.851,0.999,0.998,0.995,0.859
Northridge,310204,3.0893260721152975,1.0,True,1.227,0.7929999999999999,0.363,0.065,0.006
Northridge,310504,3.3736787490063618,1.0,True,1.293,0.7969999999999999,0.371,0.123,0.002
Northridge,310527,8.379074651462034,1.0,True,2.0780000000000003,0.948,0.7030000000000001,0.363,0.064
SanFernando,300105,1.3001701140059925,1.0,True,0.726,0.5800000000000001,0.14,0.006,0.0
SanFernando,300232,1.0361039746192147,1.0,True,0.668,0.559,0.108,0.001,0.0
SanFernando,300390,0.4504794317046605,1.0,False,0.356,0.331,0.025,0.0,0.0
SanFernando,300408,0.5705100624927013,1.0,False,0.439,0.405,0.031,0.003,0.0
SanFernando,300429,14.98996802835837,1.0,True,2.997,0.982,0.9560000000000001,0.898,0.161
SanFernando,300493,11.198874867757945,1.0,True,2.479,0.982,0.8330000000000001,0.534,0.13
SanFernando,300558,0.36045385928429363,1.0,False,0.29600000000000004,0.28,0.016,0.0,0.0
SanFernando,300627,0.43934589736484464,1.0,False,0.323,0.30200000000000005,0.021,0.0,0.0
SanFernando,300648,1.346313790744734,1.0,True,0.7030000000000001,0.562,0.128,0.013,0.0
SanFernando,300829,7.4173019509608045,1.0,True,2.017,0.947,0.6880000000000001,0.33499999999999996,0.047
SanFernando,301100,0.3719434166450079,1.0,False,0.316,0.29800000000000004,0.018,0.0,0.0
SanFernando,301105,1.2667814831328383,1.0,True,0.7200000000000001,0.5840000000000001,0.125,0.011,0.0
SanFernando,301108,0.5481912760242132,1.0,False,0.381,0.344,0.037,0.0,0.0
SanFernando,301156,1.106160920180652,1.0,True,0.615,0.514,0.089,0.012,0.0
SanFernando,301194,5.034315490203889,1.0,True,1.635,0.9000000000000001,0.526,0.19099999999999998,0.018
SanFernando,301214,30.567226598705624,1.0,True,3.731,1.0,0.992,0.978,0.761
SanFernando,301517,0.3953961800720281,1.0,False,0.33899999999999997,0.322,0.017,0.0,0.0
SanFernando,301541,1.346014437583725,1.0,True,0.716,0.569,0.137,0.01,0.0
SanFernando,301543,0.21868774982558228,1.0,False,0.203,0.195,0.008,0.0,0.0
SanFernando,301558,3.3381591921260223,1.0,True,1.283,0.8099999999999999,0.387,0.083,0.003
SanFernando,301614,0.7587583809310188,1.0,False,0.473,0.414,0.059,0.0,0.0
SanFernando,301636,14.577459878675102,1.0,True,2.8970000000000002,0.9830000000000001,0.9000000000000001,0.8420000000000001,0.172
SanFernando,301637,0.207389863833897,1.0,False,0.193,0.189,0.004,0.0,0.0
SanFernando,301745,0.3842090705439556,1.0,False,0.319,0.29800000000000004,0.021,0.0,0.0
SanFernando,302164,0.4251394477581345,1.0,False,0.355,0.338,0.017,0.0,0.0
SanFernando,302171,0.6819494153652985,1.0,False,0.48,0.427,0.051000000000000004,0.002,0.0
SanFernando,302187,0.6290891549424819,1.0,False,0.436,0.39299999999999996,0.042,0.001,0.0
SanFernando,302297,0.2769175830980288,1.0,False,0.229,0.223,0.006,0.0,0.0
SanFernando,302798,0.8059720799486959,1.0,False,0.517,0.445,0.063,0.009,0.0
SanFernando,302923,0.22733977210848424,1.0,False,0.22,0.213,0.007,0.0,0.0
SanFernando,303099,0.7803538270558745,1.0,False,0.522,0.457,0.062,0.003,0.0
SanFernando,303169,0.8296591905340329,1.0,False,0.524,0.451,0.067,0.006,0.0
SanFernando,303303,0.22617085356878924,1.0,False,0.216,0.211,0.005,0.0,0.0
SanFernando,303344,0.21685331605607275,1.0,False,0.197,0.192,0.005,0.0,0.0
SanFernando,303371,3.6238399723639114,1.0,True,1.3290000000000002,0.826,0.4,0.097,0.006
SanFernando,303540,0.3753103669236754,1.0,False,0.304,0.28600000000000003,0.018,0.0,0.0
SanFernando,303620,6.447558857355371,1.0,True,1.8530000000000002,0.925,0.626,0.268,0.034
SanFernando,303899,2.283797176001499,1.0,True,1.009,0.729,0.24000000000000002,0.039,0.001
SanFernando,304040,4.270412779866506,1.0,True,1.464,0.8190000000000001,0.441,0.201,0.003
SanFernando,304073,1.2178423744992175,1.0,True,0.687,0.5730000000000001,0.108,0.006,0.0
SanFernando,304137,0.3705738449893033,1.0,False,0.30200000000000005,0.28600000000000003,0.015,0.001,0.0
SanFernando,304450,0.24115228226848504,1.0,False,0.21500000000000002,0.20700000000000002,0.008,0.0,0.0
SanFernando,305780,0.23936627285686257,1.0,False,0.20700000000000002,0.201,0.006,0.0,0.0
SanFernando,305885,0.32810132062783826,1.0,False,0.27999999999999997,0.262,0.018,0.0,0.0
SanFernando,305984,2.0506205385992176,1.0,True,0.99,0.735,0.23099999999999998,0.024,0.0
SanFernando,306060,1.1368325379570652,1.0,True,0.679,0.561,0.113,0.005,0.0
SanFernando,306091,0.2572011257438506,1.0,False,0.22299999999999998,0.215,0.008,0.0,0.0
SanFernando,306224,0.21329860775813064,1.0,False,0.212,0.208,0.004,0.0,0.0
SanFernando,306279,0.6693530253626448,1.0,False,0.45799999999999996,0.412,0.045,0.001,0.0
SanFernando,306365,0.4093239817534969,1.0,False,0.33199999999999996,0.315,0.017,0.0,0.0
SanFernando,306369,0.3670144641227632,1.0,False,0.276,0.256,0.018000000000000002,0.002,0.0
SanFernando,306444,0.5017095345480277,1.0,False,0.347,0.31699999999999995,0.03,0.0,0.0
SanFernando,306450,0.7126176949692462,1.0,False,0.525,0.479,0.041999999999999996,0.004,0.0
SanFernando,306489,29.5729488390891,1.0,True,3.686,0.998,0.988,0.974,0.726
SanFernando,306623,0.3253323040162919,1.0,False,0.29400000000000004,0.28200000000000003,0.012,0.0,0.0
SanFernando,306694,0.5869257139621223,1.0,False,0.448,0.41,0.037,0.001,0.0
SanFernando,306768,3.7464874284563385,1.0,True,1.359,0.839,0.41600000000000004,0.099,0.005
SanFernando,306844,0.7866841213603121,1.0,False,0.494,0.425,0.068,0.001,0.0
SanFernando,307039,0.25614599657743564,1.0,False,0.21300000000000002,0.20700000000000002,0.006,0.0,0.0
SanFernando,307274,0.2492695382579902,1.0,False,0.223,0.21300000000000002,0.01,0.0,0.0
SanFernando,307373,0.2604157057089251,1.0,False,0.201,0.193,0.008,0.0,0.0
SanFernando,307512,8.436354397707401,1.0,True,2.131,0.9500000000000001,0.721,0.40499999999999997,0.055
SanFernando,307557,0.3074104853154996,1.0,False,0.242,0.226,0.015,0.001,0.0
SanFernando,307564,0.80975278205592,1.0,False,0.527,0.462,0.059,0.006,0.0
SanFernando,307693,31.593003697377544,1.0,True,3.82,1.0,1.0,1.0,0.82
SanFernando,307785,0.6677387301115522,1.0,False,0.47,0.415,0.052000000000000005,0.003,0.0
SanFernando,307832,0.41253632151889397,1.0,False,0.348,0.323,0.025,0.0,0.0
SanFernando,308206,1.9706273348009338,1.0,True,0.948,0.7050000000000001,0.221,0.022,0.0
SanFernando,308269,1.4418384934302504,1.0,True,0.793,0.628,0.154,0.011,0.0
SanFernando,308367,0.23137146937626976,1.0,False,0.203,0.195,0.008,0.0,0.0
SanFernando,308471,0.3354039123750549,1.0,False,0.274,0.26,0.014,0.0,0.0
SanFernando,308494,8.788661397820603,1.0,True,2.167,0.9620000000000002,0.7330000000000001,0.404,0.068
SanFernando,308540,0.25165985961982557,1.0,False,0.214,0.209,0.005,0.0,0.0
SanFernando,308581,0.15949895897099198,1.0,False,0.144,0.142,0.001,0.001,0.0
SanFernando,308786,0.7027191366038956,1.0,False,0.476,0.42,0.055,0.001,0.0
SanFernando,308806,0.4102569312570865,1.0,False,0.31,0.28700000000000003,0.023,0.0,0.0
SanFernando,308907,0.8392112867617005,1.0,False,0.549,0.476,0.066,0.007,0.0
SanFernando,308991,6.691924273382395,1.0,True,1.9010000000000002,0.934,0.639,0.29600000000000004,0.032
SanFernando,309042,1.9248894647748178,1.0,True,0.9410000000000001,0.7120000000000001,0.21400000000000002,0.015,0.0
SanFernando,309156,0.2471562890791436,1.0,False,0.219,0.20800000000000002,0.011,0.0,0.0
SanFernando,309553,0.4161713473258681,1.0,False,0.32,0.29800000000000004,0.022,0.0,0.0
SanFernando,309569,19.077148362797264,1.0,True,3.049,0.994,0.9249999999999999,0.778,0.352
SanFernando,309663,0.6299466904369363,1.0,False,0.43499999999999994,0.38999999999999996,0.044,0.001,0.0
SanFernando,309703,0.4061787308976706,1.0,False,0.29900000000000004,0.281,0.017,0.001,0.0
SanFernando,309758,0.4276269957270115,1.0,False,0.328,0.30400000000000005,0.024,0.0,0.0
SanFernando,309843,1.5296107455070564,1.0,True,0.782,0.61,0.157,0.013999999999999999,0.001
SanFernando,309853,0.12899161700107778,1.0,False,0.11800000000000001,0.117,0.001,0.0,0.0
SanFernando,310179,0.1968310136703907,1.0,False,0.182,0.178,0.004,0.0,0.0
SanFernando,310199,29.152826190521242,1.0,True,3.6719999999999997,0.998,0.991,0.973,0.71
SanFernando,310204,0.5751296524203316,1.0,False,0.443,0.41100000000000003,0.032,0.0,0.0
SanFernando,310504,0.7097125703664474,1.0,False,0.481,0.424,0.053000000000000005,0.004,0.0
SanFernando,310527,2.5097175456521224,1.0,True,1.066,0.7380000000000001,0.276,0.049,0.003
LongBeach,300105,1.7238431643266572,1.0,True,0.857,0.648,0.19,0.019,0.0
LongBeach,300232,12.787510955420522,1.0,True,2.583,0.9690000000000001,0.845,0.602,0.167
LongBeach,300390,20.155828131038735,1.0,True,3.157,0.994,0.9460000000000001,0.8300000000000001,0.387
LongBeach,300408,0.7126960211154372,1.0,False,0.516,0.46299999999999997,0.047999999999999994,0.005,0.0
LongBeach,300429,0.8748333814818344,1.0,False,0.453,0.34800000000000003,0.091,0.014,0.0
LongBeach,300493,0.3633686939015962,1.0,False,0.279,0.262,0.017,0.0,0.0
LongBeach,300558,0.25070325115685843,1.0,False,0.23399999999999999,0.226,0.008,0.0,0.0
LongBeach,300627,6.679828634487053,1.0,True,1.8890000000000002,0.903,0.6,0.375,0.011
LongBeach,300648,0.44813998549986384,1.0,False,0.35,0.326,0.023,0.001,0.0
LongBeach,300829,0.12239876205180664,1.0,False,0.112,0.111,0.001,0.0,0.0
LongBeach,301100,4.431682203835003,1.0,True,1.4929999999999999,0.861,0.488,0.135,0.009
LongBeach,301105,1.8094704903689671,1.0,True,0.8999999999999999,0.674,0.20099999999999998,0.025,0.0
LongBeach,301108,6.230290989863464,1.0,True,1.8130000000000002,0.9269999999999999,0.607,0.245,0.034
LongBeach,301156,0.6427310955212895,1.0,False,0.432,0.377,0.054,0.001,0.0
LongBeach,301194,0.7392665043015029,1.0,False,0.469,0.412,0.053000000000000005,0.004,0.0
LongBeach,301214,0.22913595838860173,1.0,False,0.19,0.184,0.006,0.0,0.0
LongBeach,301517,0.4494690903425417,1.0,False,0.378,0.35400000000000004,0.024,0.0,0.0
LongBeach,301541,1.749343056812631,1.0,True,0.853,0.64,0.189,0.022,0.002
LongBeach,301543,3.672452873984246,1.0,True,1.334,0.805,0.371,0.157,0.001
LongBeach,301558,0.2366823920187676,1.0,False,0.20800000000000002,0.2,0.008,0.0,0.0
LongBeach,301614,2.8471194991503217,1.0,True,1.163,0.755,0.309,0.099,0.0
LongBeach,301636,0.13446017381194272,1.0,False,0.126,0.125,0.001,0.0,0.0
LongBeach,301637,3.0528172692593247,1.0,True,1.172,0.755,0.308,0.108,0.001
LongBeach,301745,1.8634829396025776,1.0,True,0.885,0.649,0.196,0.04,0.0
LongBeach,302164,7.6683076494950635,1.0,True,2.093,0.925,0.683,0.47100000000000003,0.014
LongBeach,302171,0.9089174565510608,1.0,False,0.553,0.47700000000000004,0.07200000000000001,0.004,0.0
LongBeach,302187,21.84145929763597,1.0,True,3.278,0.992,0.9630000000000001,0.869,0.454
LongBeach,302297,4.133183240133736,1.0,True,1.436,0.8140000000000001,0.42700000000000005,0.193,0.002
LongBeach,302798,0.7436464990174056,1.0,False,0.501,0.438,0.056,0.007,0.0
LongBeach,302923,3.4385437970581005,1.0,True,1.2690000000000001,0.7959999999999999,0.355,0.118,0.0
LongBeach,303099,1.1186668375435231,1.0,True,0.667,0.543,0.11,0.014,0.0
LongBeach,303169,23.352605556574513,1.0,True,3.399,0.998,0.9730000000000001,0.917,0.511
LongBeach,303303,6.504300633916592,1.0,True,1.8780000000000001,0.8940000000000001,0.6220000000000001,0.35200000000000004,0.01
LongBeach,303344,3.03652348185751,1.0,True,1.195,0.762,0.317,0.115,0.001
LongBeach,303371,0.45545503092562567,1.0,False,0.322,0.29800000000000004,0.024,0.0,0.0
LongBeach,303540,15.168894347117602,1.0,True,2.9160000000000004,0.984,0.8980000000000001,0.8440000000000001,0.19
LongBeach,303620,0.5310689427344989,1.0,False,0.378,0.34299999999999997,0.035,0.0,0.0
LongBeach,303899,0.8316117405132936,1.0,False,0.546,0.476,0.066,0.004,0.0
LongBeach,304040,0.10106918518298302,1.0,False,0.094,0.093,0.001,0.0,0.0
LongBeach,304073,12.77565158987927,1.0,True,2.6470000000000002,0.9830000000000001,0.869,0.638,0.157
LongBeach,304137,9.222534677232721,1.0,True,2.3400000000000003,0.9460000000000001,0.7660000000000001,0.5930000000000001,0.035
LongBeach,304450,12.696770307715006,1.0,True,2.596,0.976,0.857,0.602,0.161
LongBeach,305780,3.278748882498606,1.0,True,1.263,0.786,0.354,0.123,0.0
LongBeach,305885,2.271420460633137,1.0,True,0.9829999999999999,0.681,0.242,0.06,0.0
LongBeach,305984,0.7503229238186393,1.0,False,0.49,0.434,0.053000000000000005,0.003,0.0
LongBeach,306060,6.664261395712667,1.0,True,1.8940000000000001,0.925,0.6390000000000001,0.30100000000000005,0.029
LongBeach,306091,4.2479619315539,1.0,True,1.423,0.827,0.41400000000000003,0.18,0.002
LongBeach,306224,16.736255902762192,1.0,True,3.038,0.983,0.933,0.887,0.235
LongBeach,306279,2.2566572512168444,1.0,True,0.995,0.7140000000000001,0.25,0.030000000000000002,0.001
LongBeach,306365,17.616395725438625,1.0,True,3.045,0.9930000000000001,0.9410000000000001,0.8069999999999999,0.304
LongBeach,306369,6.640752360990892,1.0,True,1.89,0.8999999999999999,0.61,0.365,0.015
LongBeach,306444,1.9634283867777502,1.0,True,0.9400000000000001,0.682,0.21000000000000002,0.048,0.0
LongBeach,306450,2.877602111271867,1.0,True,1.18,0.7589999999999999,0.32899999999999996,0.091,0.001
LongBeach,306489,0.21624928636261578,1.0,False,0.184,0.18,0.004,0.0,0.0
LongBeach,306623,4.7266326701721955,1.0,True,1.566,0.852,0.481,0.23,0.003
LongBeach,306694,0.9472091696912212,1.0,False,0.5970000000000001,0.513,0.075,0.009,0.0
LongBeach,306768,0.4978487183795446,1.0,False,0.369,0.34400000000000003,0.025,0.0,0.0
LongBeach,306844,11.445313234881471,1.0,True,2.4640000000000004,0.9720000000000001,0.8150000000000001,0.537,0.14
LongBeach,307039,25.821549975584034,1.0,True,3.506,1.0,0.9829999999999999,0.9359999999999999,0.587
LongBeach,307274,12.580869910888024,1.0,True,2.729,0.97,0.871,0.779,0.109
LongBeach,307373,25.533856483401497,1.0,True,3.4989999999999997,0.998,0.976,0.939,0.586
LongBeach,307512,0.41828414933808744,1.0,False,0.33199999999999996,0.308,0.023,0.001,0.0
LongBeach,307557,3.992213365853713,1.0,True,1.432,0.8250000000000001,0.427,0.179,0.001
LongBeach,307564,1.0378813848111217,1.0,True,0.609,0.51,0.09,0.009,0.0
LongBeach,307693,0.3746005603607616,1.0,False,0.271,0.244,0.026000000000000002,0.001,0.0
LongBeach,307785,0.676163306243103,1.0,False,0.476,0.42,0.053000000000000005,0.003,0.0
LongBeach,307832,6.491044046415813,1.0,True,1.888,0.94,0.649,0.27,0.029
LongBeach,308206,0.5227675851361633,1.0,False,0.398,0.365,0.033,0.0,0.0
LongBeach,308269,3.165913553550302,1.0,True,1.2640000000000002,0.8210000000000001,0.36000000000000004,0.08,0.003
LongBeach,308367,11.094131434341506,1.0,True,2.455,0.982,0.8079999999999999,0.5389999999999999,0.126
LongBeach,308471,6.890042144011974,1.0,True,1.939,0.898,0.634,0.391,0.016
LongBeach,308494,0.3998636443259221,1.0,False,0.33199999999999996,0.314,0.018,0.0,0.0
LongBeach,308540,12.282588386916238,1.0,True,2.551,0.984,0.8440000000000001,0.578,0.145
LongBeach,308581,6.75488886056304,1.0,True,1.933,0.909,0.621,0.388,0.015
LongBeach,308786,2.84999458648433,1.0,True,1.1500000000000001,0.7710000000000001,0.318,0.058,0.003
LongBeach,308806,7.774638862437007,1.0,True,2.083,0.9209999999999999,0.686,0.449,0.027
LongBeach,308907,0.793058154236732,1.0,False,0.509,0.447,0.056,0.006,0.0
LongBeach,308991,0.4510009271307208,1.0,False,0.35,0.326,0.024,0.0,0.0
LongBeach,309042,2.0340645265368655,1.0,True,0.968,0.724,0.22499999999999998,0.019,0.0
LongBeach,309156,4.288070046930132,1.0,True,1.4609999999999999,0.828,0.438,0.192,0.003
LongBeach,309553,4.172878364587312,1.0,True,1.4520000000000002,0.8530000000000001,0.454,0.14,0.005
LongBeach,309569,0.33707434763576305,1.0,False,0.30100000000000005,0.28800000000000003,0.013,0.0,0.0
LongBeach,309663,3.63601529069187,1.0,True,1.354,0.832,0.41500000000000004,0.10400000000000001,0.003
LongBeach,309703,4.279062659630969,1.0,True,1.47,0.856,0.47300000000000003,0.132,0.009
LongBeach,309758,5.976582000193439,1.0,True,1.786,0.875,0.5660000000000001,0.333,0.012
LongBeach,309843,1.0690835915142503,1.0,True,0.637,0.535,0.096,0.006,0.0
LongBeach,309853,6.759681665146333,1.0,True,1.9380000000000002,0.905,0.622,0.4,0.011
LongBeach,310179,9.730657906355436,1.0,True,2.361,0.9600000000000001,0.7610000000000001,0.5860000000000001,0.054
LongBeach,310199,0.24676515328867027,1.0,False,0.185,0.17200000000000001,0.013,0.0,0.0
LongBeach,310204,7.745595068544224,1.0,True,2.0660000000000003,0.9410000000000001,0.7040000000000001,0.377,0.044
LongBeach,310504,2.5759413049659643,1.0,True,1.108,0.751,0.275,0.082,0.0
LongBeach,310527,1.1186208316630404,1.0,True,0.618,0.505,0.10600000000000001,0.007,0.0
2pc50,300105,30.680590452794263,1.0,True,3.762,0.999,0.997,0.995,0.771
2pc50,300232,28.516042819384783,1.0,True,3.6470000000000002,0.996,0.988,0.9810000000000001,0.682
2pc50,300390,25.881500022940156,1.0,True,3.5679999999999996,0.997,0.992,0.978,0.601
2pc50,300408,25.379352269832175,1.0,True,3.5349999999999997,0.997,0.988,0.964,0.586
2pc50,300429,35.267326656336934,1.0,True,3.9469999999999996,1.0,1.0,1.0,0.947
2pc50,300493,32.406371452097275,1.0,True,3.8409999999999997,0.999,0.998,0.998,0.846
2pc50,300558,23.4795720778685,1.0,True,3.4370000000000003,0.998,0.991,0.94,0.508
2pc50,300627,23.91299652507646,1.0,True,3.409,0.996,0.982,0.9359999999999999,0.495
2pc50,300648,25.88691465770367,1.0,True,3.5389999999999997,0.9989999999999999,0.99,0.962,0.588
2pc50,300829,29.97764706744386,1.0,True,3.747,0.998,0.996,0.992,0.761
2pc50,301100,29.396759506235718,1.0,True,3.711,1.0,0.996,0.993,0.722
2pc50,301105,29.655137639571052,1.0,True,3.709,1.0,0.996,0.992,0.721
2pc50,301108,29.87876105530019,1.0,True,3.719,0.997,0.993,0.989,0.74
2pc50,301156,24.371378107360687,1.0,True,3.4459999999999997,0.996,0.985,0.95,0.515
2pc50,301194,32.12607249814937,1.0,True,3.811,1.0,0.9969999999999999,0.9949999999999999,0.819
2pc50,301214,36.03313516494648,1.0,True,3.9589999999999996,1.0,1.0,1.0,0.959
2pc50,301517,24.234464080028665,1.0,True,3.458,0.994,0.982,0.9380000000000001,0.544
2pc50,301541,30.77655773590435,1.0,True,3.7670000000000003,0.997,0.995,0.993,0.782
2pc50,301543,23.352378734096934,1.0,True,3.399,0.994,0.978,0.9299999999999999,0.497
2pc50,301558,30.602652931877376,1.0,True,3.757,0.998,0.996,0.991,0.772
2pc50,301614,22.692446788174188,1.0,True,3.357,0.994,0.9770000000000001,0.922,0.464
2pc50,301636,29.94129737306518,1.0,True,3.726,0.999,0.997,0.989,0.741
2pc50,301637,23.392528907739536,1.0,True,3.386,0.989,0.973,0.9219999999999999,0.502
2pc50,301745,22.70678501576774,1.0,True,3.367,0.992,0.972,0.919,0.484
2pc50,302164,21.34898042272037,1.0,True,3.287,0.9929999999999999,0.9670000000000001,0.9019999999999999,0.425
2pc50,302171,24.079652069618046,1.0,True,3.42,0.992,0.982,0.9299999999999999,0.516
2pc50,302187,25.975563886989796,1.0,True,3.5439999999999996,0.994,0.983,0.975,0.592
2pc50,302297,23.278868609452832,1.0,True,3.4240000000000004,0.997,0.979,0.938,0.51
2pc50,302798,25.797174470329722,1.0,True,3.537,0.998,0.989,0.96,0.59
2pc50,302923,23.685075726068167,1.0,True,3.42,0.993,0.981,0.938,0.508
2pc50,303099,23.494349410035493,1.0,True,3.393,0.993,0.976,0.9219999999999999,0.502
2pc50,303169,26.226216528338046,1.0,True,3.5839999999999996,0.998,0.989,0.981,0.616
2pc50,303303,23.512771372557406,1.0,True,3.3890000000000002,0.997,0.977,0.929,0.486
2pc50,303344,24.04915376063002,1.0,True,3.426,0.998,0.983,0.9359999999999999,0.509
2pc50,303371,32.57281761317926,1.0,True,3.84,1.0,0.997,0.995,0.848
2pc50,303540,22.326765961652075,1.0,True,3.3280000000000003,0.9930000000000001,0.974,0.903,0.458
2pc50,303620,30.0770952201781,1.0,True,3.73,0.998,0.993,0.989,0.75
2pc50,303899,30.54971596707827,1.0,True,3.742,0.996,0.989,0.983,0.774
2pc50,304040,24.919853418096537,1.0,True,3.4880000000000004,0.993,0.9810000000000001,0.9610000000000001,0.553
2pc50,304073,27.24791641693255,1.0,True,3.622,0.998,0.9910000000000001,0.9850000000000001,0.648
2pc50,304137,23.100812522699723,1.0,True,3.386,0.993,0.976,0.933,0.484
2pc50,304450,25.98898154712921,1.0,True,3.5649999999999995,0.997,0.986,0.976,0.606
2pc50,305780,23.63504883612841,1.0,True,3.43,0.995,0.981,0.95,0.504
2pc50,305885,23.298631507879527,1.0,True,3.386,0.993,0.979,0.925,0.489
2pc50,305984,30.887186171038334,1.0,True,3.7640000000000002,1.0,0.998,0.995,0.771
2pc50,306060,30.06343975900724,1.0,True,3.7350000000000003,0.997,0.994,0.988,0.756
2pc50,306091,23.104711449642615,1.0,True,3.403,0.995,0.979,0.938,0.491
2pc50,306224,20.89894949728551,1.0,True,3.229,0.986,0.962,0.892,0.389
2pc50,306279,31.14160617312906,1.0,True,3.8049999999999997,0.9989999999999999,0.9969999999999999,0.9949999999999999,0.814
2pc50,306365,28.524914902321623,1.0,True,3.695,0.9989999999999999,0.9949999999999999,0.992,0.709
2pc50,306369,23.20366754473179,1.0,True,3.388,0.994,0.979,0.9299999999999999,0.485
2pc50,306444,24.30472906921324,1.0,True,3.42,0.995,0.98,0.933,0.512
2pc50,306450,23.313061501102094,1.0,True,3.408,0.993,0.978,0.9299999999999999,0.507
2pc50,306489,34.84616078210589,1.0,True,3.953,1.0,0.999,0.999,0.955
2pc50,306623,22.761199565674513,1.0,True,3.3819999999999997,0.989,0.974,0.935,0.484
2pc50,306694,24.020830816055692,1.0,True,3.439,0.998,0.981,0.9510000000000001,0.509
2pc50,306768,30.54768027939601,1.0,True,3.785,1.0,0.998,0.9950000000000001,0.792
2pc50,306844,28.404006275568594,1.0,True,3.6430000000000002,1.0,0.994,0.9850000000000001,0.664
2pc50,307039,24.999583243711903,1.0,True,3.496,0.998,0.9870000000000001,0.974,0.537
2pc50,307274,20.585431962095555,1.0,True,3.2409999999999997,0.99,0.962,0.898,0.391
2pc50,307373,24.922476870510877,1.0,True,3.478,0.996,0.984,0.9650000000000001,0.533
2pc50,307512,31.424028217542368,1.0,True,3.789,1.0,0.999,0.999,0.791
2pc50,307557,24.554611682554313,1.0,True,3.452,0.997,0.981,0.946,0.528
2pc50,307564,25.596043463857374,1.0,True,3.53,0.996,0.987,0.955,0.592
2pc50,307693,35.69659975494115,1.0,True,3.992,1.0,1.0,1.0,0.992
2pc50,307785,25.381302138714876,1.0,True,3.492,0.996,0.9850000000000001,0.9570000000000001,0.554
2pc50,307832,29.00716935710079,1.0,True,3.711,1.0,0.994,0.993,0.724
2pc50,308206,28.90702613810654,1.0,True,3.671,0.998,0.9929999999999999,0.9889999999999999,0.691
2pc50,308269,31.14330666336606,1.0,True,3.777,0.9990000000000001,0.9950000000000001,0.9910000000000001,0.792
2pc50,308367,26.43133266252675,1.0,True,3.5839999999999996,0.998,0.995,0.988,0.603
2pc50,308471,23.66272852272166,1.0,True,3.404,0.992,0.977,0.933,0.502
2pc50,308494,30.715410294692695,1.0,True,3.77,0.999,0.997,0.994,0.78
2pc50,308540,27.319832856208063,1.0,True,3.6310000000000002,0.9990000000000001,0.9950000000000001,0.988,0.649
2pc50,308581,20.033641586936028,1.0,True,3.241,0.986,0.967,0.902,0.386
2pc50,308786,28.712245009491436,1.0,True,3.683,0.9969999999999999,0.9949999999999999,0.99,0.701
2pc50,308806,22.75116325356659,1.0,True,3.367,0.992,0.977,0.929,0.469
2pc50,308907,26.347540464082062,1.0,True,3.553,0.9969999999999999,0.99,0.959,0.607
2pc50,308991,29.5099481066207,1.0,True,3.735,0.998,0.994,0.991,0.752
2pc50,309042,30.990028551106057,1.0,True,3.7560000000000002,0.996,0.993,0.991,0.776
2pc50,309156,22.1234332678042,1.0,True,3.3390000000000004,0.994,0.974,0.9219999999999999,0.449
2pc50,309553,29.05041360442787,1.0,True,3.7,0.999,0.992,0.991,0.718
2pc50,309569,32.617894874339214,1.0,True,3.855,1.0,1.0,1.0,0.855
2pc50,309663,27.798084082256675,1.0,True,3.6809999999999996,1.0,0.9929999999999999,0.9889999999999999,0.699
2pc50,309703,29.47042293683609,1.0,True,3.714,0.998,0.996,0.989,0.731
2pc50,309758,21.675803519805005,1.0,True,3.3120000000000003,0.994,0.968,0.902,0.448
2pc50,309843,30.283051889472574,1.0,True,3.748,1.0,0.997,0.994,0.757
2pc50,309853,20.658640012587878,1.0,True,3.253,0.991,0.97,0.897,0.395
2pc50,310179,23.106158254074717,1.0,True,3.409,0.999,0.985,0.942,0.483
2pc50,310199,34.630463862645584,1.0,True,3.9589999999999996,1.0,0.999,0.999,0.961
2pc50,310204,29.172265532134457,1.0,True,3.718,0.998,0.996,0.991,0.733
2pc50,310504,24.12500992393643,1.0,True,3.462,0.994,0.9800000000000001,0.9470000000000001,0.541
2pc50,310527,30.55117959005278,1.0,True,3.769,0.999,0.996,0.994,0.78
