fid,OBJECTID_1,OBJECTID,ID,NAME,CITY,STATE,ZIP,TYPE,STATUS,COUNTY,COUNTYFIPS,COUNTRY,LATITUDE,LONGITUDE,NAICS_CODE,NAICS_DESC,SOURCE,SOURCEDATE,VAL_METHOD,VAL_DATE,LINES,MAX_VOLT,MIN_VOLT,MAX_INFER,MIN_INFER,layer,path,HIFLD_ID,Owner,mu_DS1,mu_DS2,mu_DS3,mu_DS4,beta_DS1,beta_DS2,beta_DS3,beta_DS4,mu_DS1_old,mu_DS2_old,mu_DS3_old,mu_DS4_old,beta_DS1_old,beta_DS2_old,beta_DS3_old,beta_DS4_old
313,64923,64923,300601,SANITREAT,LOS ANGELES,CA,90710,SUBSTATION,IN SERVICE,LOS ANGELES,6037,USA,33.807017,-118.2989839,221121,ELECTRIC BULK POWER TRANSMISSION AND CONTROL,https://cecgis-caenergy.opendata.arcgis.com/,1528761600000,OTHER,1528761600000,0,66,-999999,N,N,CA-sub-1,C:\2025-2026 Fall\Network science\Project\CA-sub-1.customization|layername=CA-sub-1,300601,SCE,0.15,0.29,0.45,0.9,0.7,0.55,0.45,0.45,0.13,0.26,0.34,0.74,0.65,0.5,0.4,0.4
310,64911,64911,300589,STATION 54,LOS ANGELES,CA,90027,SUBSTATION,IN SERVICE,LOS ANGELES,6037,USA,34.10137857,-118.287806,221121,ELECTRIC BULK POWER TRANSMISSION AND CONTROL,California Energy Commission http://www.energy.ca.gov/maps/,1435017600000,IMAGERY/OTHER,1435017600000,1,66,66,Y,Y,CA-sub-1,C:\2025-2026 Fall\Network science\Project\CA-sub-1.customization|layername=CA-sub-1,300589,SCE,0.15,0.29,0.45,0.9,0.7,0.55,0.45,0.45,0.13,0.26,0.34,0.74,0.65,0.5,0.4,0.4
351,65026,65026,300704,UNKNOWN300704,LOS ANGELES,CA,90710,SUBSTATION,IN SERVICE,LOS ANGELES,6037,USA,33.7877886790001,-118.3002226,221121,ELECTRIC BULK POWER TRANSMISSION AND CONTROL,California Energy Commission http://www.energy.ca.gov/maps/,1435017600000,IMAGERY/OTHER,1435017600000,1,66,66,Y,Y,CA-sub-1,C:\2025-2026 Fall\Network science\Project\CA-sub-1.customization|layername=CA-sub-1,300704,SCE,0.15,0.29,0.45,0.9,0.7,0.55,0.45,0.45,0.13,0.26,0.34,0.74,0.65,0.5,0.4,0.4
582,65654,65654,301332,SS3143,LOS ANGELES,CA,90027,SUBSTATION,IN SERVICE,LOS ANGELES,6037,USA,34.11306872,-118.2677456,221121,ELECTRIC BULK POWER TRANSMISSION AND CONTROL,California Energy Commission http://www.energy.ca.gov/maps/,1435017600000,IMAGERY/OTHER,1519776000000,1,66,66,Y,Y,CA-sub-1,C:\2025-2026 Fall\Network science\Project\CA-sub-1.customization|layername=CA-sub-1,301332,SCE,0.15,0.29,0.45,0.9,0.7,0.55,0.45,0.45,0.13,0.26,0.34,0.74,0.65,0.5,0.4,0.4
701,65958,65958,301636,SAN FERNANDO,LOS ANGELES,CA,91345,SUBSTATION,NOT AVAILABLE,LOS ANGELES,6037,USA,34.2735632820001,-118.458755,221121,ELECTRIC BULK POWER TRANSMISSION AND CONTROL,California Energy Commission http://www.energy.ca.gov/maps/,1435017600000,IMAGERY/OTHER,1435017600000,1,66,66,Y,Y,CA-sub-1,C:\2025-2026 Fall\Network science\Project\CA-sub-1.customization|layername=CA-sub-1,301636,SCE,0.15,0.29,0.45,0.9,0.7,0.55,0.45,0.45,0.13,0.26,0.34,0.74,0.65,0.5,0.4,0.4
904,66493,66493,302171,SAWTELLE,LOS ANGELES,CA,90025,SUBSTATION,IN SERVICE,LOS ANGELES,6037,USA,34.04740878,-118.4522527,221121,ELECTRIC BULK POWER TRANSMISSION AND CONTROL,California Energy Commission http://www.energy.ca.gov/maps/,1435017600000,IMAGERY/OTHER,1520985600000,2,66,66,N,Y,CA-sub-1,C:\2025-2026 Fall\Network science\Project\CA-sub-1.customization|layername=CA-sub-1,302171,SCE,0.15,0.29,0.45,0.9,0.7,0.55,0.45,0.45,0.13,0.26,0.34,0.74,0.65,0.5,0.4,0.4
938,66582,66582,302260,UNKNOWN302260,LOS ANGELES,CA,91040,SUBSTATION,NOT AVAILABLE,LOS ANGELES,6037,USA,34.2592732640001,-118.3213031,221121,ELECTRIC BULK POWER TRANSMISSION AND CONTROL,California Energy Commission http://www.energy.ca.gov/maps/,1435017600000,IMAGERY/OTHER,1435017600000,0,66,-999999,Y,N,CA-sub-1,C:\2025-2026 Fall\Network science\Project\CA-sub-1.customization|layername=CA-sub-1,302260,,0.15,0.29,0.45,0.9,0.7,0.55,0.45,0.45,0.13,0.26,0.34,0.74,0.65,0.5,0.4,0.4
1533,68098,68098,303776,SS3145,LOS ANGELES,CA,90065,SUBSTATION,IN SERVICE,LOS ANGELES,6037,USA,34.08673267,-118.21442,221121,ELECTRIC BULK POWER TRANSMISSION AND CONTROL,California Energy Commission http://www.energy.ca.gov/maps/,1435017600000,IMAGERY/OTHER,1519776000000,3,66,66,Y,Y,CA-sub-1,C:\2025-2026 Fall\Network science\Project\CA-sub-1.customization|layername=CA-sub-1,303776,SCE,0.15,0.29,0.45,0.9,0.7,0.55,0.45,0.45,0.13,0.26,0.34,0.74,0.65,0.5,0.4,0.4
1563,68180,68180,303858,SS3144,LOS ANGELES,CA,90065,SUBSTATION,IN SERVICE,LOS ANGELES,6037,USA,34.12072386,-118.2262405,221121,ELECTRIC BULK POWER TRANSMISSION AND CONTROL,California Energy Commission http://www.energy.ca.gov/maps/,1435017600000,IMAGERY/OTHER,1519689600000,1,66,66,Y,Y,CA-sub-1,C:\2025-2026 Fall\Network science\Project\CA-sub-1.customization|layername=CA-sub-1,303858,SCE,0.15,0.29,0.45,0.9,0.7,0.55,0.45,0.45,0.13,0.26,0.34,0.74,0.65,0.5,0.4,0.4
2266,70102,70102,305781,UNKNOWN305781,LOS ANGELES,CA,90042,SUBSTATION,IN SERVICE,LOS ANGELES,6037,USA,34.11393807,-118.189387,221121,ELECTRIC BULK POWER TRANSMISSION AND CONTROL,California Energy Commission http://www.energy.ca.gov/maps/,1435017600000,IMAGERY/OTHER,1435017600000,2,66,66,Y,Y,CA-sub-2,C:\2025-2026 Fall\Network science\Project\CA-sub-2.customization|layername=CA-sub-2,305781,SCE,0.15,0.29,0.45,0.9,0.7,0.55,0.45,0.45,0.13,0.26,0.34,0.74,0.65,0.5,0.4,0.4
2373,70384,70384,306063,SHELL LOS ANGELES,LOS ANGELES,CA,90744,SUBSTATION,IN SERVICE,LOS ANGELES,6037,USA,33.79402172,-118.235013,221121,ELECTRIC BULK POWER TRANSMISSION AND CONTROL,California Energy Commission http://www.energy.ca.gov/maps/,1435017600000,IMAGERY/OTHER,1435017600000,1,66,66,Y,Y,CA-sub-2,C:\2025-2026 Fall\Network science\Project\CA-sub-2.customization|layername=CA-sub-2,306063,SCE,0.15,0.29,0.45,0.9,0.7,0.55,0.45,0.45,0.13,0.26,0.34,0.74,0.65,0.5,0.4,0.4
2595,71012,71012,306691,UNKNOWN306691,LOS ANGELES,CA,91344,SUBSTATION,NOT AVAILABLE,LOS ANGELES,6037,USA,34.30533104,-118.5005271,221121,ELECTRIC BULK POWER TRANSMISSION AND CONTROL,California Energy Commission http://www.energy.ca.gov/maps/,1435017600000,IMAGERY/OTHER,1435017600000,0,66,-999999,Y,N,CA-sub-2,C:\2025-2026 Fall\Network science\Project\CA-sub-2.customization|layername=CA-sub-2,306691,SCE,0.15,0.29,0.45,0.9,0.7,0.55,0.45,0.45,0.13,0.26,0.34,0.74,0.65,0.5,0.4,0.4
3025,72121,72121,307800,UNKNOWN307800,LOS ANGELES,CA,90025,SUBSTATION,IN SERVICE,LOS ANGELES,6037,USA,34.0503840000001,-118.432023,221121,ELECTRIC BULK POWER TRANSMISSION AND CONTROL,IMAGERY,1548633600000,UNVERIFIED,1548633600000,1,66,66,Y,Y,CA-sub-2,C:\2025-2026 Fall\Network science\Project\CA-sub-2.customization|layername=CA-sub-2,307800,,0.15,0.29,0.45,0.9,0.7,0.55,0.45,0.45,0.13,0.26,0.34,0.74,0.65,0.5,0.4,0.4
3754,74041,74041,309722,LOSULEUR,LOS ANGELES,CA,90045,SUBSTATION,IN SERVICE,LOS ANGELES,6037,USA,33.93179055,-118.4045344,221121,ELECTRIC BULK POWER TRANSMISSION AND CONTROL,California Energy Commission http://www.energy.ca.gov/maps/,1435190400000,IMAGERY/OTHER,1435190400000,1,66,66,Y,Y,CA-sub-2,C:\2025-2026 Fall\Network science\Project\CA-sub-2.customization|layername=CA-sub-2,309722,SCE,0.15,0.29,0.45,0.9,0.7,0.55,0.45,0.45,0.13,0.26,0.34,0.74,0.65,0.5,0.4,0.4
4033,74776,74776,310458,UNKNOWN310458,LOS ANGELES,CA,91352,SUBSTATION,IN SERVICE,LOS ANGELES,6037,USA,34.241682,-118.3903234,221121,ELECTRIC BULK POWER TRANSMISSION AND CONTROL,IMAGERY,1547424000000,UNVERIFIED,1547424000000,1,66,66,Y,Y,CA-sub-3,C:\2025-2026 Fall\Network science\Project\CA-sub-3.customization|layername=CA-sub-3,310458,,0.15,0.29,0.45,0.9,0.7,0.55,0.45,0.45,0.13,0.26,0.34,0.74,0.65,0.5,0.4,0.4
703,65960,65960,301638,UNKNOWN301638,LOS ANGELES,CA,90501,SUBSTATION,NOT AVAILABLE,LOS ANGELES,6037,USA,33.8470924050001,-118.3018193,221121,ELECTRIC BULK POWER TRANSMISSION AND CONTROL,IMAGERY,1513900800000,IMAGERY/OTHER,1513900800000,0,115,-999999,Y,N,CA-sub-1,C:\2025-2026 Fall\Network science\Project\CA-sub-1.customization|layername=CA-sub-1,301638,,0.15,0.29,0.45,0.9,0.7,0.55,0.45,0.45,0.13,0.26,0.34,0.74,0.65,0.5,0.4,0.4
3603,73603,73603,309284,UNKNOWN309284,LOS ANGELES,CA,90502,SUBSTATION,NOT AVAILABLE,LOS ANGELES,6037,USA,33.84716467,-118.2916125,221121,ELECTRIC BULK POWER TRANSMISSION AND CONTROL,IMAGERY,1513900800000,IMAGERY/OTHER,1513900800000,0,115,-999999,Y,N,CA-sub-2,C:\2025-2026 Fall\Network science\Project\CA-sub-2.customization|layername=CA-sub-2,309284,,0.15,0.29,0.45,0.9,0.7,0.55,0.45,0.45,0.13,0.26,0.34,0.74,0.65,0.5,0.4,0.4
3646,73710,73710,309391,UNKNOWN309391,LOS ANGELES,CA,90045,SUBSTATION,NOT AVAILABLE,LOS ANGELES,6037,USA,33.96603478,-118.3850492,221121,ELECTRIC BULK POWER TRANSMISSION AND CONTROL,California Energy Commission http://www.energy.ca.gov/maps/,1435017600000,IMAGERY/OTHER,1435017600000,0,115,-999999,Y,N,CA-sub-2,C:\2025-2026 Fall\Network science\Project\CA-sub-2.customization|layername=CA-sub-2,309391,,0.15,0.29,0.45,0.9,0.7,0.55,0.45,0.45,0.13,0.26,0.34,0.74,0.65,0.5,0.4,0.4
129,64467,64467,300144,STATION 11,LOS ANGELES,CA,90049,SUBSTATION,IN SERVICE,LOS ANGELES,6037,USA,34.0509730360001,-118.4760319,221121,ELECTRIC BULK POWER TRANSMISSION AND CONTROL,California Energy Commission http://www.energy.ca.gov/maps/,1434585600000,IMAGERY/OTHER,1434585600000,1,138,138,N,Y,CA-sub-1,C:\2025-2026 Fall\Network science\Project\CA-sub-1.customization|layername=CA-sub-1,300144,LADWP,0.15,0.29,0.45,0.9,0.7,0.55,0.45,0.45,0.13,0.26,0.34,0.74,0.65,0.5,0.4,0.4
673,65877,65877,301555,HARBOR,LOS ANGELES,CA,90744,SUBSTATION,IN SERVICE,LOS ANGELES,6037,USA,33.77296421,-118.2400605,221121,ELECTRIC BULK POWER TRANSMISSION AND CONTROL,California Energy Commission http://www.energy.ca.gov/maps/,1435536000000,IMAGERY/OTHER,1435536000000,1,138,66,Y,Y,CA-sub-1,C:\2025-2026 Fall\Network science\Project\CA-sub-1.customization|layername=CA-sub-1,301555,LADWP,0.15,0.29,0.45,0.9,0.7,0.55,0.45,0.45,0.13,0.26,0.34,0.74,0.65,0.5,0.4,0.4
702,65959,65959,301637,STATION N (AIRPORT),LOS ANGELES,CA,90045,SUBSTATION,IN SERVICE,LOS ANGELES,6037,USA,33.962,-118.376219,221121,ELECTRIC BULK POWER TRANSMISSION AND CONTROL,California Energy Commission http://www.energy.ca.gov/maps/,1435190400000,IMAGERY/OTHER,1435190400000,4,138,138,N,Y,CA-sub-1,C:\2025-2026 Fall\Network science\Project\CA-sub-1.customization|layername=CA-sub-1,301637,LADWP,0.15,0.29,0.45,0.9,0.7,0.55,0.45,0.45,0.13,0.26,0.34,0.74,0.65,0.5,0.4,0.4
1268,67421,67421,303099,STATION D (FAIRFAX),LOS ANGELES,CA,90034,SUBSTATION,IN SERVICE,LOS ANGELES,6037,USA,34.0380813470001,-118.3708133,221121,ELECTRIC BULK POWER TRANSMISSION AND CONTROL,California Energy Commission http://www.energy.ca.gov/maps/,1435190400000,IMAGERY/OTHER,1435190400000,8,138,138,N,N,CA-sub-1,C:\2025-2026 Fall\Network science\Project\CA-sub-1.customization|layername=CA-sub-1,303099,LADWP,0.15,0.29,0.45,0.9,0.7,0.55,0.45,0.45,0.13,0.26,0.34,0.74,0.65,0.5,0.4,0.4
1663,68459,68459,304137,HALLDALE,LOS ANGELES,CA,90501,SUBSTATION,IN SERVICE,LOS ANGELES,6037,USA,33.84773309,-118.3034261,221121,ELECTRIC BULK POWER TRANSMISSION AND CONTROL,California Environmental Protection Agency http://www.swrcb.ca.gov/water_issues/programs/ocean/cwa316/docs/energy_comp/10yta_2012_5.pdf,1435536000000,IMAGERY/OTHER,1435536000000,3,138,-999999,N,N,CA-sub-1,C:\2025-2026 Fall\Network science\Project\CA-sub-1.customization|layername=CA-sub-1,304137,LADWP,0.15,0.29,0.45,0.9,0.7,0.55,0.45,0.45,0.13,0.26,0.34,0.74,0.65,0.5,0.4,0.4
2573,70944,70944,306623,GRAMERCY,LOS ANGELES,CA,90047,SUBSTATION,IN SERVICE,LOS ANGELES,6037,USA,33.9464505350001,-118.3128075,221121,ELECTRIC BULK POWER TRANSMISSION AND CONTROL,California Environmental Protection Agency http://www.swrcb.ca.gov/water_issues/programs/ocean/cwa316/docs/energy_comp/10yta_2012_5.pdf,1435190400000,IMAGERY/OTHER,1435190400000,6,138,138,N,N,CA-sub-2,C:\2025-2026 Fall\Network science\Project\CA-sub-2.customization|layername=CA-sub-2,306623,LADWP,0.15,0.29,0.45,0.9,0.7,0.55,0.45,0.45,0.13,0.26,0.34,0.74,0.65,0.5,0.4,0.4
3346,72901,72901,308581,STATION Q (HARBOR),LOS ANGELES,CA,90744,SUBSTATION,IN SERVICE,LOS ANGELES,6037,USA,33.7704535940001,-118.264895,221121,ELECTRIC BULK POWER TRANSMISSION AND CONTROL,California Energy Commission http://www.energy.ca.gov/maps/,1435536000000,IMAGERY/OTHER,1435536000000,3,138,138,Y,Y,CA-sub-2,C:\2025-2026 Fall\Network science\Project\CA-sub-2.customization|layername=CA-sub-2,308581,LADWP,0.15,0.29,0.45,0.9,0.7,0.55,0.45,0.45,0.13,0.26,0.34,0.74,0.65,0.5,0.4,0.4
3923,74498,74498,310179,WILMINGTON (STATION C),LOS ANGELES,CA,90744,SUBSTATION,IN SERVICE,LOS ANGELES,6037,USA,33.7980000000001,-118.257816,221121,ELECTRIC BULK POWER TRANSMISSION AND CONTROL,Open Access Technology International http://www.oatioasis.com/LDWP/LDWPdocs/2007_Ten-Year_Transmission_Assessment.pdf,1435536000000,IMAGERY/OTHER,1435536000000,8,138,138,N,N,CA-sub-2,C:\2025-2026 Fall\Network science\Project\CA-sub-2.customization|layername=CA-sub-2,310179,LADWP,0.15,0.29,0.45,0.9,0.7,0.55,0.45,0.45,0.13,0.26,0.34,0.74,0.65,0.5,0.4,0.4
271,64815,64815,300493,STATION J,LOS ANGELES,CA,91324,SUBSTATION,IN SERVICE,LOS ANGELES,6037,USA,34.2292951100001,-118.5434782,221121,ELECTRIC BULK POWER TRANSMISSION AND CONTROL,California Energy Commission http://www.energy.ca.gov/maps/,1433462400000,IMAGERY/OTHER,1433462400000,4,230,230,N,Y,CA-sub-1,C:\2025-2026 Fall\Network science\Project\CA-sub-1.customization|layername=CA-sub-1,300493,LADWP,0.15,0.25,0.35,0.7,0.6,0.5,0.4,0.4,0.1,0.2,0.3,0.5,0.6,0.5,0.4,0.4
496,65422,65422,301100,UNKNOWN301100,LOS ANGELES,CA,90045,SUBSTATION,IN SERVICE,LOS ANGELES,6037,USA,33.93161755,-118.4260013,221121,ELECTRIC BULK POWER TRANSMISSION AND CONTROL,California Energy Commission http://www.energy.ca.gov/maps/,1435190400000,IMAGERY/OTHER,1435190400000,1,230,66,Y,Y,CA-sub-1,C:\2025-2026 Fall\Network science\Project\CA-sub-1.customization|layername=CA-sub-1,301100,LADWP,0.15,0.25,0.35,0.7,0.6,0.5,0.4,0.4,0.1,0.2,0.3,0.5,0.6,0.5,0.4,0.4
498,65427,65427,301105,STATION K (OLYMPIC),LOS ANGELES,CA,90025,SUBSTATION,IN SERVICE,LOS ANGELES,6037,USA,34.0331442630001,-118.4600055,221121,ELECTRIC BULK POWER TRANSMISSION AND CONTROL,California Energy Commission http://www.energy.ca.gov/maps/,1433462400000,IMAGERY/OTHER,1433462400000,8,230,66,N,Y,CA-sub-1,C:\2025-2026 Fall\Network science\Project\CA-sub-1.customization|layername=CA-sub-1,301105,LADWP,0.15,0.25,0.35,0.7,0.6,0.5,0.4,0.4,0.1,0.2,0.3,0.5,0.6,0.5,0.4,0.4
528,65516,65516,301194,STATION G (ATWATER),LOS ANGELES,CA,90039,SUBSTATION,IN SERVICE,LOS ANGELES,6037,USA,34.1093400830001,-118.2544222,221121,ELECTRIC BULK POWER TRANSMISSION AND CONTROL,California Energy Commission http://www.energy.ca.gov/maps/,1433462400000,IMAGERY/OTHER,1433462400000,8,230,66,N,Y,CA-sub-1,C:\2025-2026 Fall\Network science\Project\CA-sub-1.customization|layername=CA-sub-1,301194,LADWP,0.15,0.25,0.35,0.7,0.6,0.5,0.4,0.4,0.1,0.2,0.3,0.5,0.6,0.5,0.4,0.4
535,65536,65536,301214,OLIVE,LOS ANGELES,CA,91342,SUBSTATION,IN SERVICE,LOS ANGELES,6037,USA,34.31272248,-118.4799659,221121,ELECTRIC BULK POWER TRANSMISSION AND CONTROL,http://www.clui.org/content/receiving-stations-converter-stations-switching-stations-and-other-control-facilities,1433462400000,IMAGERY/OTHER,1433462400000,2,230,230,N,Y,CA-sub-1,C:\2025-2026 Fall\Network science\Project\CA-sub-1.customization|layername=CA-sub-1,301214,,0.15,0.25,0.35,0.7,0.6,0.5,0.4,0.4,0.1,0.2,0.3,0.5,0.6,0.5,0.4,0.4
1337,67587,67587,303265,UNKNOWN303265,LOS ANGELES,CA,91326,SUBSTATION,IN SERVICE,LOS ANGELES,6037,USA,34.2713024560001,-118.5561742,221121,ELECTRIC BULK POWER TRANSMISSION AND CONTROL,OpenStreetMap,1435017600000,IMAGERY/OTHER,1435017600000,0,230,-999999,Y,N,CA-sub-1,C:\2025-2026 Fall\Network science\Project\CA-sub-1.customization|layername=CA-sub-1,303265,,0.15,0.25,0.35,0.7,0.6,0.5,0.4,0.4,0.1,0.2,0.3,0.5,0.6,0.5,0.4,0.4
1422,67809,67809,303487,UNKNOWN303487,LOS ANGELES,CA,91352,SUBSTATION,IN SERVICE,LOS ANGELES,6037,USA,34.2226694,-118.3884636,221121,ELECTRIC BULK POWER TRANSMISSION AND CONTROL,California Energy Commission http://www.energy.ca.gov/maps/,1435536000000,IMAGERY/OTHER,1435536000000,1,230,66,Y,Y,CA-sub-1,C:\2025-2026 Fall\Network science\Project\CA-sub-1.customization|layername=CA-sub-1,303487,LADWP,0.15,0.25,0.35,0.7,0.6,0.5,0.4,0.4,0.1,0.2,0.3,0.5,0.6,0.5,0.4,0.4
1438,67853,67853,303531,UNKNOWN303531,LOS ANGELES,CA,91316,SUBSTATION,NOT AVAILABLE,LOS ANGELES,6037,USA,34.1654270070001,-118.5256149,221121,ELECTRIC BULK POWER TRANSMISSION AND CONTROL,California Energy Commission http://www.energy.ca.gov/maps/,1435017600000,IMAGERY/OTHER,1435017600000,0,230,-999999,Y,N,CA-sub-1,C:\2025-2026 Fall\Network science\Project\CA-sub-1.customization|layername=CA-sub-1,303531,,0.15,0.25,0.35,0.7,0.6,0.5,0.4,0.4,0.1,0.2,0.3,0.5,0.6,0.5,0.4,0.4
1478,67942,67942,303620,TARZANA(STATION U),LOS ANGELES,CA,91356,SUBSTATION,IN SERVICE,LOS ANGELES,6037,USA,34.1793531860001,-118.5436866,221121,ELECTRIC BULK POWER TRANSMISSION AND CONTROL,California Energy Commission http://www.energy.ca.gov/maps/,1433462400000,IMAGERY/OTHER,1433462400000,7,230,230,N,N,CA-sub-1,C:\2025-2026 Fall\Network science\Project\CA-sub-1.customization|layername=CA-sub-1,303620,LADWP,0.15,0.25,0.35,0.7,0.6,0.5,0.4,0.4,0.1,0.2,0.3,0.5,0.6,0.5,0.4,0.4
1572,68221,68221,303899,STATION H (HOLLYWOOD),LOS ANGELES,CA,90046,SUBSTATION,IN SERVICE,LOS ANGELES,6037,USA,34.0881192410001,-118.3469878,221121,ELECTRIC BULK POWER TRANSMISSION AND CONTROL,California Energy Commission http://www.energy.ca.gov/maps/,1433462400000,IMAGERY/OTHER,1433462400000,4,230,138,N,N,CA-sub-1,C:\2025-2026 Fall\Network science\Project\CA-sub-1.customization|layername=CA-sub-1,303899,LADWP,0.15,0.25,0.35,0.7,0.6,0.5,0.4,0.4,0.1,0.2,0.3,0.5,0.6,0.5,0.4,0.4
1643,68395,68395,304073,STATION B (CENTURY),LOS ANGELES,CA,90002,SUBSTATION,IN SERVICE,LOS ANGELES,6037,USA,33.94797761,-118.2549111,221121,ELECTRIC BULK POWER TRANSMISSION AND CONTROL,California Energy Commission http://www.energy.ca.gov/maps/,1433376000000,IMAGERY/OTHER,1433376000000,8,230,138,N,N,CA-sub-1,C:\2025-2026 Fall\Network science\Project\CA-sub-1.customization|layername=CA-sub-1,304073,LADWP,0.15,0.25,0.35,0.7,0.6,0.5,0.4,0.4,0.1,0.2,0.3,0.5,0.6,0.5,0.4,0.4
1692,68539,68539,304217,STATION S (VAN NUYS),LOS ANGELES,CA,91401,SUBSTATION,IN SERVICE,LOS ANGELES,6037,USA,34.1715913190001,-118.42312,221121,ELECTRIC BULK POWER TRANSMISSION AND CONTROL,California Energy Commission http://www.energy.ca.gov/maps/,1433462400000,OTHER,1433462400000,4,230,230,N,Y,CA-sub-1,C:\2025-2026 Fall\Network science\Project\CA-sub-1.customization|layername=CA-sub-1,304217,LADWP,0.15,0.25,0.35,0.7,0.6,0.5,0.4,0.4,0.1,0.2,0.3,0.5,0.6,0.5,0.4,0.4
1718,68629,68629,304307,UNKNOWN304307,LOS ANGELES,CA,91335,SUBSTATION,NOT AVAILABLE,LOS ANGELES,6037,USA,34.19343987,-118.5189873,221121,ELECTRIC BULK POWER TRANSMISSION AND CONTROL,California Energy Commission http://www.energy.ca.gov/maps/,1435017600000,IMAGERY/OTHER,1435017600000,0,230,-999999,Y,N,CA-sub-1,C:\2025-2026 Fall\Network science\Project\CA-sub-1.customization|layername=CA-sub-1,304307,,0.15,0.25,0.35,0.7,0.6,0.5,0.4,0.4,0.1,0.2,0.3,0.5,0.6,0.5,0.4,0.4
1783,68772,68772,304450,HARBORGEN,LOS ANGELES,CA,90813,SUBSTATION,IN SERVICE,LOS ANGELES,6037,USA,33.7788659230001,-118.2273228,221121,ELECTRIC BULK POWER TRANSMISSION AND CONTROL,Southern California Edison http://preview.tinyurl.com/q9vuye2,1433376000000,IMAGERY/OTHER,1433376000000,4,230,66,N,Y,CA-sub-1,C:\2025-2026 Fall\Network science\Project\CA-sub-1.customization|layername=CA-sub-1,304450,SCE,0.15,0.25,0.35,0.7,0.6,0.5,0.4,0.4,0.1,0.2,0.3,0.5,0.6,0.5,0.4,0.4
1965,69342,69342,305021,UNKNOWN305021,LOS ANGELES,CA,90049,SUBSTATION,IN SERVICE,LOS ANGELES,6037,USA,34.07182967,-118.4673369,221121,ELECTRIC BULK POWER TRANSMISSION AND CONTROL,California Energy Commission http://www.energy.ca.gov/maps/,1435017600000,IMAGERY/OTHER,1435017600000,0,230,-999999,Y,N,CA-sub-1,C:\2025-2026 Fall\Network science\Project\CA-sub-1.customization|layername=CA-sub-1,305021,,0.15,0.25,0.35,0.7,0.6,0.5,0.4,0.4,0.1,0.2,0.3,0.5,0.6,0.5,0.4,0.4
2356,70333,70333,306012,STATION P (MARKET),LOS ANGELES,CA,90013,SUBSTATION,IN SERVICE,LOS ANGELES,6037,USA,34.0433102330001,-118.2460782,221121,ELECTRIC BULK POWER TRANSMISSION AND CONTROL,California Energy Commission http://www.energy.ca.gov/maps/,1433462400000,IMAGERY/OTHER,1433462400000,4,230,230,N,Y,CA-sub-2,C:\2025-2026 Fall\Network science\Project\CA-sub-2.customization|layername=CA-sub-2,306012,LADWP,0.15,0.25,0.35,0.7,0.6,0.5,0.4,0.4,0.1,0.2,0.3,0.5,0.6,0.5,0.4,0.4
2401,70473,70473,306152,OLIVE,LOS ANGELES,CA,91342,SUBSTATION,IN SERVICE,LOS ANGELES,6037,USA,34.3078467390001,-118.4505666,221121,ELECTRIC BULK POWER TRANSMISSION AND CONTROL,California Energy Commission http://www.energy.ca.gov/maps/,1435017600000,IMAGERY/OTHER,1435017600000,2,230,66,N,Y,CA-sub-2,C:\2025-2026 Fall\Network science\Project\CA-sub-2.customization|layername=CA-sub-2,306152,LADWP,0.15,0.25,0.35,0.7,0.6,0.5,0.4,0.4,0.1,0.2,0.3,0.5,0.6,0.5,0.4,0.4
2504,70740,70740,306419,UNKNOWN306419,LOS ANGELES,CA,91406,SUBSTATION,NOT AVAILABLE,LOS ANGELES,6037,USA,34.1936012,-118.4841649,221121,ELECTRIC BULK POWER TRANSMISSION AND CONTROL,California Energy Commission http://www.energy.ca.gov/maps/,1435017600000,IMAGERY/OTHER,1435017600000,0,230,-999999,Y,N,CA-sub-2,C:\2025-2026 Fall\Network science\Project\CA-sub-2.customization|layername=CA-sub-2,306419,,0.15,0.25,0.35,0.7,0.6,0.5,0.4,0.4,0.1,0.2,0.3,0.5,0.6,0.5,0.4,0.4
2532,70810,70810,306489,SYLMAR EAST,LOS ANGELES,CA,91342,SUBSTATION,IN SERVICE,LOS ANGELES,6037,USA,34.3125282570001,-118.4811313,221121,ELECTRIC BULK POWER TRANSMISSION AND CONTROL,California Energy Commission http://www.energy.ca.gov/maps/,1433462400000,IMAGERY/OTHER,1433462400000,1,230,69,N,N,CA-sub-2,C:\2025-2026 Fall\Network science\Project\CA-sub-2.customization|layername=CA-sub-2,306489,LADWP,0.15,0.25,0.35,0.7,0.6,0.5,0.4,0.4,0.1,0.2,0.3,0.5,0.6,0.5,0.4,0.4
2583,70980,70980,306659,UNKNOWN306659,LOS ANGELES,CA,91401,SUBSTATION,NOT AVAILABLE,LOS ANGELES,6037,USA,34.17980237,-118.4454254,221121,ELECTRIC BULK POWER TRANSMISSION AND CONTROL,California Energy Commission http://www.energy.ca.gov/maps/,1435017600000,IMAGERY/OTHER,1435017600000,0,230,-999999,Y,N,CA-sub-2,C:\2025-2026 Fall\Network science\Project\CA-sub-2.customization|layername=CA-sub-2,306659,,0.15,0.25,0.35,0.7,0.6,0.5,0.4,0.4,0.1,0.2,0.3,0.5,0.6,0.5,0.4,0.4
2625,71089,71089,306768,UNKNOWN306768,LOS ANGELES,CA,90068,SUBSTATION,NOT AVAILABLE,LOS ANGELES,6037,USA,34.12370611,-118.3370583,221121,ELECTRIC BULK POWER TRANSMISSION AND CONTROL,California Energy Commission http://www.energy.ca.gov/maps/,1435017600000,IMAGERY/OTHER,1435017600000,0,230,-999999,Y,N,CA-sub-2,C:\2025-2026 Fall\Network science\Project\CA-sub-2.customization|layername=CA-sub-2,306768,,0.15,0.25,0.35,0.7,0.6,0.5,0.4,0.4,0.1,0.2,0.3,0.5,0.6,0.5,0.4,0.4
3190,72527,72527,308206,NICHOLS CANYON,LOS ANGELES,CA,90046,SUBSTATION,IN SERVICE,LOS ANGELES,6037,USA,34.1059585250001,-118.358772,221121,ELECTRIC BULK POWER TRANSMISSION AND CONTROL,California Energy Commission http://www.energy.ca.gov/maps/,1479772800000,IMAGERY/OTHER,1479772800000,3,230,138,N,Y,CA-sub-2,C:\2025-2026 Fall\Network science\Project\CA-sub-2.customization|layername=CA-sub-2,308206,LADWP,0.15,0.25,0.35,0.7,0.6,0.5,0.4,0.4,0.1,0.2,0.3,0.5,0.6,0.5,0.4,0.4
3221,72590,72590,308269,STATION F (VELASCO & KINETIC),LOS ANGELES,CA,90023,SUBSTATION,IN SERVICE,LOS ANGELES,6037,USA,34.01532207,-118.2039437,221121,ELECTRIC BULK POWER TRANSMISSION AND CONTROL,California Energy Commission http://www.energy.ca.gov/maps/,1433462400000,IMAGERY/OTHER,1433462400000,7,230,66,N,Y,CA-sub-2,C:\2025-2026 Fall\Network science\Project\CA-sub-2.customization|layername=CA-sub-2,308269,LADWP,0.15,0.25,0.35,0.7,0.6,0.5,0.4,0.4,0.1,0.2,0.3,0.5,0.6,0.5,0.4,0.4
3242,72646,72646,308325,VENICE,LOS ANGELES,CA,90066,SUBSTATION,IN SERVICE,LOS ANGELES,6037,USA,33.99028993,-118.4209965,221121,ELECTRIC BULK POWER TRANSMISSION AND CONTROL,California Energy Commission http://www.energy.ca.gov/maps/,1435190400000,IMAGERY/OTHER,1511740800000,2,230,66,Y,Y,CA-sub-2,C:\2025-2026 Fall\Network science\Project\CA-sub-2.customization|layername=CA-sub-2,308325,SCE,0.15,0.25,0.35,0.7,0.6,0.5,0.4,0.4,0.1,0.2,0.3,0.5,0.6,0.5,0.4,0.4
3320,72848,72848,308527,UNKNOWN308527,LOS ANGELES,CA,90049,SUBSTATION,NOT AVAILABLE,LOS ANGELES,6037,USA,34.12975552,-118.4795189,221121,ELECTRIC BULK POWER TRANSMISSION AND CONTROL,California Energy Commission http://www.energy.ca.gov/maps/,1435017600000,IMAGERY/OTHER,1435017600000,0,230,-999999,Y,N,CA-sub-2,C:\2025-2026 Fall\Network science\Project\CA-sub-2.customization|layername=CA-sub-2,308527,,0.15,0.25,0.35,0.7,0.6,0.5,0.4,0.4,0.1,0.2,0.3,0.5,0.6,0.5,0.4,0.4
3345,72899,72899,308579,UNKNOWN308579,LOS ANGELES,CA,91303,SUBSTATION,NOT AVAILABLE,LOS ANGELES,6037,USA,34.2015078960001,-118.5962595,221121,ELECTRIC BULK POWER TRANSMISSION AND CONTROL,OpenStreetMap,1435017600000,IMAGERY/OTHER,1435017600000,0,230,-999999,Y,N,CA-sub-2,C:\2025-2026 Fall\Network science\Project\CA-sub-2.customization|layername=CA-sub-2,308579,,0.15,0.25,0.35,0.7,0.6,0.5,0.4,0.4,0.1,0.2,0.3,0.5,0.6,0.5,0.4,0.4
3507,73310,73310,308991,STATION T,LOS ANGELES,CA,91303,SUBSTATION,IN SERVICE,LOS ANGELES,6037,USA,34.1894990280001,-118.5918789,221121,ELECTRIC BULK POWER TRANSMISSION AND CONTROL,California Energy Commission http://www.energy.ca.gov/maps/,1433462400000,IMAGERY/OTHER,1433462400000,3,230,230,N,Y,CA-sub-2,C:\2025-2026 Fall\Network science\Project\CA-sub-2.customization|layername=CA-sub-2,308991,LADWP,0.15,0.25,0.35,0.7,0.6,0.5,0.4,0.4,0.1,0.2,0.3,0.5,0.6,0.5,0.4,0.4
3525,73361,73361,309042,RIVER,LOS ANGELES,CA,90021,SUBSTATION,IN SERVICE,LOS ANGELES,6037,USA,34.037716,-118.22984,221121,ELECTRIC BULK POWER TRANSMISSION AND CONTROL,California Energy Commission http://www.energy.ca.gov/maps/,1433462400000,IMAGERY/OTHER,1433462400000,9,230,66,N,Y,CA-sub-2,C:\2025-2026 Fall\Network science\Project\CA-sub-2.customization|layername=CA-sub-2,309042,LADWP,0.15,0.25,0.35,0.7,0.6,0.5,0.4,0.4,0.1,0.2,0.3,0.5,0.6,0.5,0.4,0.4
3702,73872,73872,309553,STATION L (SCATTERGOOD),LOS ANGELES,CA,90293,SUBSTATION,IN SERVICE,LOS ANGELES,6037,USA,33.919,-118.425293,221121,ELECTRIC BULK POWER TRANSMISSION AND CONTROL,California Energy Commission http://www.energy.ca.gov/maps/,1433462400000,IMAGERY/OTHER,1433462400000,2,230,138,N,Y,CA-sub-2,C:\2025-2026 Fall\Network science\Project\CA-sub-2.customization|layername=CA-sub-2,309553,LADWP,0.15,0.25,0.35,0.7,0.6,0.5,0.4,0.4,0.1,0.2,0.3,0.5,0.6,0.5,0.4,0.4
3708,73888,73888,309569,STATION M(VALLEY),LOS ANGELES,CA,91352,SUBSTATION,IN SERVICE,LOS ANGELES,6037,USA,34.24329813,-118.3918025,221121,ELECTRIC BULK POWER TRANSMISSION AND CONTROL,California Energy Commission http://www.energy.ca.gov/maps/,1433462400000,IMAGERY/OTHER,1433462400000,7,230,66,N,Y,CA-sub-2,C:\2025-2026 Fall\Network science\Project\CA-sub-2.customization|layername=CA-sub-2,309569,LADWP,0.15,0.25,0.35,0.7,0.6,0.5,0.4,0.4,0.1,0.2,0.3,0.5,0.6,0.5,0.4,0.4
3798,74162,74162,309843,KENTER CANYON,LOS ANGELES,CA,90049,SUBSTATION,IN SERVICE,LOS ANGELES,6037,USA,34.06826245,-118.4884048,221121,ELECTRIC BULK POWER TRANSMISSION AND CONTROL,California Energy Commission http://www.energy.ca.gov/maps/,1433462400000,IMAGERY/OTHER,1433462400000,2,230,230,N,Y,CA-sub-2,C:\2025-2026 Fall\Network science\Project\CA-sub-2.customization|layername=CA-sub-2,309843,LADWP,0.15,0.25,0.35,0.7,0.6,0.5,0.4,0.4,0.1,0.2,0.3,0.5,0.6,0.5,0.4,0.4
3934,74518,74518,310199,SYLMAR WEST,LOS ANGELES,CA,91344,SUBSTATION,IN SERVICE,LOS ANGELES,6037,USA,34.3110069570001,-118.4893478,221121,ELECTRIC BULK POWER TRANSMISSION AND CONTROL,California Energy Commission http://www.energy.ca.gov/maps/,1433462400000,IMAGERY/OTHER,1433462400000,11,230,69,N,N,CA-sub-2,C:\2025-2026 Fall\Network science\Project\CA-sub-2.customization|layername=CA-sub-2,310199,LADWP,0.15,0.25,0.35,0.7,0.6,0.5,0.4,0.4,0.1,0.2,0.3,0.5,0.6,0.5,0.4,0.4
4025,74760,74760,310442,UNKNOWN310442,LOS ANGELES,CA,91606,SUBSTATION,NOT AVAILABLE,LOS ANGELES,6037,USA,34.1912321120001,-118.3795635,221121,ELECTRIC BULK POWER TRANSMISSION AND CONTROL,California Energy Commission http://www.energy.ca.gov/maps/,1435017600000,IMAGERY/OTHER,1435017600000,0,230,-999999,Y,N,CA-sub-3,C:\2025-2026 Fall\Network science\Project\CA-sub-3.customization|layername=CA-sub-3,310442,,0.15,0.25,0.35,0.7,0.6,0.5,0.4,0.4,0.1,0.2,0.3,0.5,0.6,0.5,0.4,0.4
4062,74845,74845,310527,STATION A (ST. JOHN),LOS ANGELES,CA,90012,SUBSTATION,IN SERVICE,LOS ANGELES,6037,USA,34.06701,-118.2261,221121,ELECTRIC BULK POWER TRANSMISSION AND CONTROL,California Energy Commission http://www.energy.ca.gov/maps/,1433462400000,IMAGERY/OTHER,1433462400000,5,230,66,N,Y,CA-sub-3,C:\2025-2026 Fall\Network science\Project\CA-sub-3.customization|layername=CA-sub-3,310527,LADWP,0.15,0.25,0.35,0.7,0.6,0.5,0.4,0.4,0.1,0.2,0.3,0.5,0.6,0.5,0.4,0.4
289,64859,64859,300537,UNKNOWN300537,LOS ANGELES,CA,91344,SUBSTATION,NOT AVAILABLE,LOS ANGELES,6037,USA,34.2716158370001,-118.4852023,221121,ELECTRIC BULK POWER TRANSMISSION AND CONTROL,California Energy Commission http://www.energy.ca.gov/maps/,1435017600000,IMAGERY/OTHER,1435017600000,0,345,-999999,Y,N,CA-sub-1,C:\2025-2026 Fall\Network science\Project\CA-sub-1.customization|layername=CA-sub-1,300537,,0.15,0.25,0.35,0.7,0.6,0.5,0.4,0.4,0.1,0.2,0.3,0.5,0.6,0.5,0.4,0.4
4036,74782,74782,310464,UNKNOWN310464,LOS ANGELES,CA,91344,SUBSTATION,NOT AVAILABLE,LOS ANGELES,6037,USA,34.25798505,-118.4931688,221121,ELECTRIC BULK POWER TRANSMISSION AND CONTROL,California Energy Commission http://www.energy.ca.gov/maps/,1435017600000,IMAGERY/OTHER,1435017600000,0,345,-999999,Y,N,CA-sub-3,C:\2025-2026 Fall\Network science\Project\CA-sub-3.customization|layername=CA-sub-3,310464,,0.15,0.25,0.35,0.7,0.6,0.5,0.4,0.4,0.1,0.2,0.3,0.5,0.6,0.5,0.4,0.4
242,64751,64751,300429,STATION E (TOLUCA),LOS ANGELES,CA,91601,SUBSTATION,IN SERVICE,LOS ANGELES,6037,USA,34.17619826,-118.3596448,221121,ELECTRIC BULK POWER TRANSMISSION AND CONTROL,Southern California Edison http://preview.tinyurl.com/q9vuye2,1433462400000,IMAGERY/OTHER,1433462400000,15,500,66,N,N,CA-sub-1,C:\2025-2026 Fall\Network science\Project\CA-sub-1.customization|layername=CA-sub-1,300429,LADWP,0.11,0.15,0.2,0.47,0.5,0.45,0.35,0.4,0.09,0.13,0.17,0.38,0.5,0.4,0.35,0.35
2985,72014,72014,307693,RINALDI,LOS ANGELES,CA,91344,SUBSTATION,IN SERVICE,LOS ANGELES,6037,USA,34.2805920000001,-118.478304,221121,ELECTRIC BULK POWER TRANSMISSION AND CONTROL,California Environmental Protection Agency http://www.swrcb.ca.gov/water_issues/programs/ocean/cwa316/docs/energy_comp/10yta_2012_5.pdf,1433462400000,IMAGERY/OTHER,1433462400000,16,500,69,N,N,CA-sub-2,C:\2025-2026 Fall\Network science\Project\CA-sub-2.customization|layername=CA-sub-2,307693,LADWP,0.11,0.15,0.2,0.47,0.5,0.45,0.35,0.4,0.09,0.13,0.17,0.38,0.5,0.4,0.35,0.35
