fid,OBJECTID_1,OBJECTID,ID,NAME,CITY,STATE,ZIP,TYPE,STATUS,COUNTY,COUNTYFIPS,COUNTRY,LATITUDE,LONGITUDE,NAICS_CODE,NAICS_DESC,SOURCE,SOURCEDATE,VAL_METHOD,VAL_DATE,LINES,MAX_VOLT,MIN_VOLT,MAX_INFER,MIN_INFER,layer,path,MAX_VOLT_N,MIN_VOLT_N,HIFLD_ID,Owner,voltage_for_fragility,fragility_class,mu_DS1,mu_DS2,mu_DS3,mu_DS4,beta_DS1,beta_DS2,beta_DS3,beta_DS4,mu_DS1_old,mu_DS2_old,mu_DS3_old,mu_DS4_old,beta_DS1_old,beta_DS2_old,beta_DS3_old,beta_DS4_old,COUNTY_N,CITY_N
3310,72815,72815,308494,AIRWAY,GLENDALE,CA,91201,SUBSTATION,IN SERVICE,LOS ANGELES,6037,USA,34.1578327350001,-118.2801855,221121,ELECTRIC BULK POWER TRANSMISSION AND CONTROL,California Energy Commission http://www.energy.ca.gov/maps/,1473811200000,IMAGERY/OTHER,1473811200000,6,230,66,N,Y,CA-sub-2,C:\2025-2026 Fall\Network science\Project\CA-sub-2.customization|layername=CA-sub-2,230,66,308494,LADWP,230,medium,0.15,0.25,0.35,0.7,0.6,0.5,0.4,0.4,0.1,0.2,0.3,0.5,0.6,0.5,0.4,0.4,LOS ANGELES,GLENDALE
2736,71360,71360,307039,ALAMITOS,LONG BEACH,CA,90803,SUBSTATION,IN SERVICE,LOS ANGELES,6037,USA,33.7715039130001,-118.1004734,221121,ELECTRIC BULK POWER TRANSMISSION AND CONTROL,California Ocean Protection Council http://www.opc.ca.gov/webmaster/ftp/project_pages/OTC/engineering%20study/Chapter_7F_Haynes_Generating_Station.pdf,1474934400000,IMAGERY/OTHER,1474934400000,7,230,66,N,N,CA-sub-2,C:\2025-2026 Fall\Network science\Project\CA-sub-2.customization|layername=CA-sub-2,230,66,307039,SCE,230,medium,0.15,0.25,0.35,0.7,0.6,0.5,0.4,0.4,0.1,0.2,0.3,0.5,0.6,0.5,0.4,0.4,LOS ANGELES,LONG BEACH
2480,70686,70686,306365,ARCOGEN,CARSON,CA,90745,SUBSTATION,IN SERVICE,LOS ANGELES,6037,USA,33.81746381,-118.2434621,221121,ELECTRIC BULK POWER TRANSMISSION AND CONTROL,California Energy Commission http://www.energy.ca.gov/maps/,1474934400000,IMAGERY/OTHER,1474934400000,2,230,230,N,Y,CA-sub-2,C:\2025-2026 Fall\Network science\Project\CA-sub-2.customization|layername=CA-sub-2,230,230,306365,SCE,230,medium,0.15,0.25,0.35,0.7,0.6,0.5,0.4,0.4,0.1,0.2,0.3,0.5,0.6,0.5,0.4,0.4,LOS ANGELES,CARSON
1630,68362,68362,304040,ARROYO,LA CA?ADA FLINTRIDGE,CA,91011,SUBSTATION,IN SERVICE,LOS ANGELES,6037,USA,34.1997068580001,-118.1705521,221121,ELECTRIC BULK POWER TRANSMISSION AND CONTROL,California Energy Commission http://www.energy.ca.gov/maps/,1435017600000,IMAGERY/OTHER,1520985600000,1,66,66,N,Y,CA-sub-1,C:\2025-2026 Fall\Network science\Project\CA-sub-1.customization|layername=CA-sub-1,66,66,304040,SCE,66,low,0.15,0.29,0.45,0.9,0.7,0.55,0.45,0.45,0.13,0.26,0.34,0.74,0.65,0.5,0.4,0.4,LOS ANGELES,LA CA ADA FLINTRIDGE
4054,74822,74822,310504,BANDINI,VERNON,CA,90040,SUBSTATION,IN SERVICE,LOS ANGELES,6037,USA,33.9995041230001,-118.1711273,221121,ELECTRIC BULK POWER TRANSMISSION AND CONTROL,California Energy Commission http://www.energy.ca.gov/maps/,1435017600000,IMAGERY/OTHER,1435017600000,2,66,66,Y,Y,CA-sub-3,C:\2025-2026 Fall\Network science\Project\CA-sub-3.customization|layername=CA-sub-3,66,66,310504,SCE,66,low,0.15,0.29,0.45,0.9,0.7,0.55,0.45,0.45,0.13,0.26,0.34,0.74,0.65,0.5,0.4,0.4,LOS ANGELES,VERNON
519,65478,65478,301156,BEVERLY,BEVERLY HILLS,CA,90210,SUBSTATION,IN SERVICE,LOS ANGELES,6037,USA,34.0731564000001,-118.397476,221121,ELECTRIC BULK POWER TRANSMISSION AND CONTROL,Southern California Edison http://preview.tinyurl.com/q9vuye2,1435190400000,IMAGERY/OTHER,1435190400000,4,66,66,N,Y,CA-sub-1,C:\2025-2026 Fall\Network science\Project\CA-sub-1.customization|layername=CA-sub-1,66,66,301156,SCE,66,low,0.15,0.29,0.45,0.9,0.7,0.55,0.45,0.45,0.13,0.26,0.34,0.74,0.65,0.5,0.4,0.4,LOS ANGELES,BEVERLY HILLS
901,66486,66486,302164,BRIGHTON,GARDENA,CA,90249,SUBSTATION,IN SERVICE,LOS ANGELES,6037,USA,33.9024801100001,-118.3119354,221121,ELECTRIC BULK POWER TRANSMISSION AND CONTROL,California Energy Commission http://www.energy.ca.gov/maps/,1435017600000,IMAGERY/OTHER,1435017600000,2,115,66,N,Y,CA-sub-1,C:\2025-2026 Fall\Network science\Project\CA-sub-1.customization|layername=CA-sub-1,115,66,302164,SCE,115,low,0.15,0.29,0.45,0.9,0.7,0.55,0.45,0.45,0.13,0.26,0.34,0.74,0.65,0.5,0.4,0.4,LOS ANGELES,GARDENA
2829,71595,71595,307274,CAMERON,LONG BEACH,CA,90810,SUBSTATION,IN SERVICE,LOS ANGELES,6037,USA,33.81933869,-118.2171805,221121,ELECTRIC BULK POWER TRANSMISSION AND CONTROL,California Energy Commission http://www.energy.ca.gov/maps/,1435536000000,IMAGERY/OTHER,1520985600000,1,69,66,N,Y,CA-sub-2,C:\2025-2026 Fall\Network science\Project\CA-sub-2.customization|layername=CA-sub-2,69,66,307274,SCE,69,low,0.15,0.29,0.45,0.9,0.7,0.55,0.45,0.45,0.13,0.26,0.34,0.74,0.65,0.5,0.4,0.4,LOS ANGELES,LONG BEACH
1442,67862,67862,303540,CARSON,COMPTON,CA,90220,SUBSTATION,IN SERVICE,LOS ANGELES,6037,USA,33.8639219950001,-118.2169551,221121,ELECTRIC BULK POWER TRANSMISSION AND CONTROL,California Energy Commission http://www.energy.ca.gov/maps/,1435536000000,IMAGERY/OTHER,1520985600000,1,66,66,N,Y,CA-sub-1,C:\2025-2026 Fall\Network science\Project\CA-sub-1.customization|layername=CA-sub-1,66,66,303540,SCE,66,low,0.15,0.29,0.45,0.9,0.7,0.55,0.45,0.45,0.13,0.26,0.34,0.74,0.65,0.5,0.4,0.4,LOS ANGELES,COMPTON
172,64555,64555,300232,CENTER,NORWALK,CA,90650,SUBSTATION,IN SERVICE,LOS ANGELES,6037,USA,33.9288847760001,-118.1059118,221121,ELECTRIC BULK POWER TRANSMISSION AND CONTROL,California Energy Commission http://www.energy.ca.gov/maps/,1433376000000,IMAGERY/OTHER,1433376000000,7,230,66,N,N,CA-sub-1,C:\2025-2026 Fall\Network science\Project\CA-sub-1.customization|layername=CA-sub-1,230,66,300232,SCE,230,medium,0.15,0.25,0.35,0.7,0.6,0.5,0.4,0.4,0.1,0.2,0.3,0.5,0.6,0.5,0.4,0.4,LOS ANGELES,NORWALK
1373,67666,67666,303344,CHEVGEN,EL SEGUNDO,CA,90245,SUBSTATION,IN SERVICE,LOS ANGELES,6037,USA,33.9125634110001,-118.4141953,221121,ELECTRIC BULK POWER TRANSMISSION AND CONTROL,California Energy Commission http://www.energy.ca.gov/maps/,1435017600000,IMAGERY/OTHER,1520985600000,2,66,66,N,Y,CA-sub-1,C:\2025-2026 Fall\Network science\Project\CA-sub-1.customization|layername=CA-sub-1,66,66,303344,SCE,66,low,0.15,0.29,0.45,0.9,0.7,0.55,0.45,0.45,0.13,0.26,0.34,0.74,0.65,0.5,0.4,0.4,LOS ANGELES,EL SEGUNDO
500,65430,65430,301108,CHEVMAIN,EL SEGUNDO,CA,90245,SUBSTATION,IN SERVICE,LOS ANGELES,6037,USA,33.9026995190001,-118.4019889,221121,ELECTRIC BULK POWER TRANSMISSION AND CONTROL,California Energy Commission http://www.energy.ca.gov/maps/,1433376000000,IMAGERY/OTHER,1433376000000,5,230,66,N,Y,CA-sub-1,C:\2025-2026 Fall\Network science\Project\CA-sub-1.customization|layername=CA-sub-1,230,66,301108,SCE,230,medium,0.15,0.25,0.35,0.7,0.6,0.5,0.4,0.4,0.1,0.2,0.3,0.5,0.6,0.5,0.4,0.4,LOS ANGELES,EL SEGUNDO
2597,71015,71015,306694,COLORADO,SANTA MONICA,CA,90404,SUBSTATION,IN SERVICE,LOS ANGELES,6037,USA,34.0256339360001,-118.4722033,221121,ELECTRIC BULK POWER TRANSMISSION AND CONTROL,California Energy Commission http://www.energy.ca.gov/maps/,1435017600000,IMAGERY/OTHER,1520985600000,2,66,66,N,Y,CA-sub-2,C:\2025-2026 Fall\Network science\Project\CA-sub-2.customization|layername=CA-sub-2,66,66,306694,SCE,66,low,0.15,0.29,0.45,0.9,0.7,0.55,0.45,0.45,0.13,0.26,0.34,0.74,0.65,0.5,0.4,0.4,LOS ANGELES,SANTA MONICA
909,66509,66509,302187,DEL AMO,CERRITOS,CA,90703,SUBSTATION,IN SERVICE,LOS ANGELES,6037,USA,33.8482231780001,-118.0971738,221121,ELECTRIC BULK POWER TRANSMISSION AND CONTROL,California Energy Commission http://www.energy.ca.gov/maps/,1475452800000,IMAGERY/OTHER,1475452800000,10,230,66,N,Y,CA-sub-1,C:\2025-2026 Fall\Network science\Project\CA-sub-1.customization|layername=CA-sub-1,230,66,302187,SCE,230,medium,0.15,0.25,0.35,0.7,0.6,0.5,0.4,0.4,0.1,0.2,0.3,0.5,0.6,0.5,0.4,0.4,LOS ANGELES,CERRITOS
3805,74172,74172,309853,DOCK,LONG BEACH,CA,90802,SUBSTATION,IN SERVICE,LOS ANGELES,6037,USA,33.75945169,-118.2378575,221121,ELECTRIC BULK POWER TRANSMISSION AND CONTROL,California Energy Commission http://www.energy.ca.gov/maps/,1435017600000,IMAGERY/OTHER,1435017600000,2,66,66,Y,Y,CA-sub-2,C:\2025-2026 Fall\Network science\Project\CA-sub-2.customization|layername=CA-sub-2,66,66,309853,SCE,66,low,0.15,0.29,0.45,0.9,0.7,0.55,0.45,0.45,0.13,0.26,0.34,0.74,0.65,0.5,0.4,0.4,LOS ANGELES,LONG BEACH
2382,70412,70412,306091,DOUGLAS,EL SEGUNDO,CA,90245,SUBSTATION,IN SERVICE,LOS ANGELES,6037,USA,33.9222597620001,-118.3826994,221121,ELECTRIC BULK POWER TRANSMISSION AND CONTROL,California Energy Commission http://www.energy.ca.gov/maps/,1435017600000,IMAGERY/OTHER,1520985600000,1,66,66,N,Y,CA-sub-2,C:\2025-2026 Fall\Network science\Project\CA-sub-2.customization|layername=CA-sub-2,66,66,306091,SCE,66,low,0.15,0.29,0.45,0.9,0.7,0.55,0.45,0.45,0.13,0.26,0.34,0.74,0.65,0.5,0.4,0.4,LOS ANGELES,EL SEGUNDO
674,65880,65880,301558,EAGLE ROCK,GLENDALE,CA,91206,SUBSTATION,IN SERVICE,LOS ANGELES,6037,USA,34.15084663,-118.1842557,221121,ELECTRIC BULK POWER TRANSMISSION AND CONTROL,California Energy Commission http://www.energy.ca.gov/maps/,1433808000000,IMAGERY/OTHER,1433808000000,9,230,66,N,N,CA-sub-1,C:\2025-2026 Fall\Network science\Project\CA-sub-1.customization|layername=CA-sub-1,230,66,301558,SCE,230,medium,0.15,0.25,0.35,0.7,0.6,0.5,0.4,0.4,0.1,0.2,0.3,0.5,0.6,0.5,0.4,0.4,LOS ANGELES,GLENDALE
3938,74523,74523,310204,EL NIDO,HAWTHORNE,CA,90260,SUBSTATION,IN SERVICE,LOS ANGELES,6037,USA,33.8959709,-118.3729894,221121,ELECTRIC BULK POWER TRANSMISSION AND CONTROL,Southern California Edison http://preview.tinyurl.com/q9vuye2,1433376000000,IMAGERY/OTHER,1433376000000,7,230,66,N,N,CA-sub-2,C:\2025-2026 Fall\Network science\Project\CA-sub-2.customization|layername=CA-sub-2,230,66,310204,SCE,230,medium,0.15,0.25,0.35,0.7,0.6,0.5,0.4,0.4,0.1,0.2,0.3,0.5,0.6,0.5,0.4,0.4,LOS ANGELES,HAWTHORNE
3747,74022,74022,309703,EL SEGUNDO,EL SEGUNDO,CA,90245,SUBSTATION,IN SERVICE,LOS ANGELES,6037,USA,33.90847964,-118.4231253,221121,ELECTRIC BULK POWER TRANSMISSION AND CONTROL,California Energy Commission http://www.energy.ca.gov/maps/,1435190400000,IMAGERY/OTHER,1435190400000,2,230,230,N,Y,CA-sub-2,C:\2025-2026 Fall\Network science\Project\CA-sub-2.customization|layername=CA-sub-2,230,230,309703,SCE,230,medium,0.15,0.25,0.35,0.7,0.6,0.5,0.4,0.4,0.1,0.2,0.3,0.5,0.6,0.5,0.4,0.4,LOS ANGELES,EL SEGUNDO
3557,73475,73475,309156,FELTON,DEL AIRE,CA,90250,SUBSTATION,IN SERVICE,LOS ANGELES,6037,USA,33.91580263,-118.3621368,221121,ELECTRIC BULK POWER TRANSMISSION AND CONTROL,California Energy Commission http://www.energy.ca.gov/maps/,1435190400000,IMAGERY/OTHER,1520985600000,2,66,66,N,Y,CA-sub-2,C:\2025-2026 Fall\Network science\Project\CA-sub-2.customization|layername=CA-sub-2,66,66,309156,SCE,66,low,0.15,0.29,0.45,0.9,0.7,0.55,0.45,0.45,0.13,0.26,0.34,0.74,0.65,0.5,0.4,0.4,LOS ANGELES,DEL AIRE
3261,72688,72688,308367,FUEL,LONG BEACH,CA,90802,SUBSTATION,IN SERVICE,LOS ANGELES,6037,USA,33.7646608260001,-118.2266652,221121,ELECTRIC BULK POWER TRANSMISSION AND CONTROL,California Energy Commission http://www.energy.ca.gov/maps/,1435536000000,IMAGERY/OTHER,1435536000000,1,230,66,Y,Y,CA-sub-2,C:\2025-2026 Fall\Network science\Project\CA-sub-2.customization|layername=CA-sub-2,230,66,308367,SCE,230,medium,0.15,0.25,0.35,0.7,0.6,0.5,0.4,0.4,0.1,0.2,0.3,0.5,0.6,0.5,0.4,0.4,LOS ANGELES,LONG BEACH
296,64880,64880,300558,GANESHA,POMONA,CA,91766,SUBSTATION,IN SERVICE,LOS ANGELES,6037,USA,34.0574999250001,-117.775418,221121,ELECTRIC BULK POWER TRANSMISSION AND CONTROL,California Energy Commission http://www.energy.ca.gov/maps/,1435017600000,IMAGERY/OTHER,1520985600000,5,66,66,N,Y,CA-sub-1,C:\2025-2026 Fall\Network science\Project\CA-sub-1.customization|layername=CA-sub-1,66,66,300558,SCE,66,low,0.15,0.29,0.45,0.9,0.7,0.55,0.45,0.45,0.13,0.26,0.34,0.74,0.65,0.5,0.4,0.4,LOS ANGELES,POMONA
1382,67693,67693,303371,GOODRICH,PASADENA,CA,91107,SUBSTATION,IN SERVICE,LOS ANGELES,6037,USA,34.1513934450001,-118.0879858,221121,ELECTRIC BULK POWER TRANSMISSION AND CONTROL,California Energy Commission http://www.energy.ca.gov/maps/,1433376000000,IMAGERY/OTHER,1433376000000,5,230,66,N,N,CA-sub-1,C:\2025-2026 Fall\Network science\Project\CA-sub-1.customization|layername=CA-sub-1,230,66,303371,SCE,230,medium,0.15,0.25,0.35,0.7,0.6,0.5,0.4,0.4,0.1,0.2,0.3,0.5,0.6,0.5,0.4,0.4,LOS ANGELES,PASADENA
401,65151,65151,300829,GOULD,LA CA?ADA FLINTRIDGE,CA,91011,SUBSTATION,IN SERVICE,LOS ANGELES,6037,USA,34.2215873580001,-118.1870653,221121,ELECTRIC BULK POWER TRANSMISSION AND CONTROL,California Energy Commission http://www.energy.ca.gov/maps/,1433376000000,IMAGERY/OTHER,1433376000000,2,230,230,N,N,CA-sub-1,C:\2025-2026 Fall\Network science\Project\CA-sub-1.customization|layername=CA-sub-1,230,230,300829,SCE,230,medium,0.15,0.25,0.35,0.7,0.6,0.5,0.4,0.4,0.1,0.2,0.3,0.5,0.6,0.5,0.4,0.4,LOS ANGELES,LA CA ADA FLINTRIDGE
2573,70944,70944,306623,GRAMERCY,LOS ANGELES,CA,90047,SUBSTATION,IN SERVICE,LOS ANGELES,6037,USA,33.9464505350001,-118.3128075,221121,ELECTRIC BULK POWER TRANSMISSION AND CONTROL,California Environmental Protection Agency http://www.swrcb.ca.gov/water_issues/programs/ocean/cwa316/docs/energy_comp/10yta_2012_5.pdf,1435190400000,IMAGERY/OTHER,1435190400000,6,138,138,N,N,CA-sub-2,C:\2025-2026 Fall\Network science\Project\CA-sub-2.customization|layername=CA-sub-2,138,138,306623,LADWP,138,low,0.15,0.29,0.45,0.9,0.7,0.55,0.45,0.45,0.13,0.26,0.34,0.74,0.65,0.5,0.4,0.4,LOS ANGELES,LOS ANGELES
2922,71833,71833,307512,GRAYSON,GLENDALE,CA,91201,SUBSTATION,IN SERVICE,LOS ANGELES,6037,USA,34.1556333130001,-118.2774902,221121,ELECTRIC BULK POWER TRANSMISSION AND CONTROL,California Energy Commission http://www.energy.ca.gov/maps/,1435017600000,IMAGERY/OTHER,1435017600000,2,230,66,Y,Y,CA-sub-2,C:\2025-2026 Fall\Network science\Project\CA-sub-2.customization|layername=CA-sub-2,230,66,307512,Other,230,medium,0.15,0.25,0.35,0.7,0.6,0.5,0.4,0.4,0.1,0.2,0.3,0.5,0.6,0.5,0.4,0.4,LOS ANGELES,GLENDALE
1663,68459,68459,304137,HALLDALE,LOS ANGELES,CA,90501,SUBSTATION,IN SERVICE,LOS ANGELES,6037,USA,33.84773309,-118.3034261,221121,ELECTRIC BULK POWER TRANSMISSION AND CONTROL,California Environmental Protection Agency http://www.swrcb.ca.gov/water_issues/programs/ocean/cwa316/docs/energy_comp/10yta_2012_5.pdf,1435536000000,IMAGERY/OTHER,1435536000000,3,138,-999999,N,N,CA-sub-1,C:\2025-2026 Fall\Network science\Project\CA-sub-1.customization|layername=CA-sub-1,138,999999,304137,LADWP,138,low,0.15,0.29,0.45,0.9,0.7,0.55,0.45,0.45,0.13,0.26,0.34,0.74,0.65,0.5,0.4,0.4,LOS ANGELES,LOS ANGELES
1783,68772,68772,304450,HARBORGEN,LOS ANGELES,CA,90813,SUBSTATION,IN SERVICE,LOS ANGELES,6037,USA,33.7788659230001,-118.2273228,221121,ELECTRIC BULK POWER TRANSMISSION AND CONTROL,Southern California Edison http://preview.tinyurl.com/q9vuye2,1433376000000,IMAGERY/OTHER,1433376000000,4,230,66,N,Y,CA-sub-1,C:\2025-2026 Fall\Network science\Project\CA-sub-1.customization|layername=CA-sub-1,230,66,304450,SCE,230,medium,0.15,0.25,0.35,0.7,0.6,0.5,0.4,0.4,0.1,0.2,0.3,0.5,0.6,0.5,0.4,0.4,LOS ANGELES,LOS ANGELES
2876,71694,71694,307373,HAYNES,LONG BEACH,CA,90803,SUBSTATION,IN SERVICE,LOS ANGELES,6037,USA,33.7635279720001,-118.0963236,221121,ELECTRIC BULK POWER TRANSMISSION AND CONTROL,California Ocean Protection Council http://www.opc.ca.gov/webmaster/ftp/project_pages/OTC/engineering%20study/Chapter_7F_Haynes_Generating_Station.pdf,1474934400000,IMAGERY/OTHER,1474934400000,6,230,66,N,N,CA-sub-2,C:\2025-2026 Fall\Network science\Project\CA-sub-2.customization|layername=CA-sub-2,230,66,307373,LADWP,230,medium,0.15,0.25,0.35,0.7,0.6,0.5,0.4,0.4,0.1,0.2,0.3,0.5,0.6,0.5,0.4,0.4,LOS ANGELES,LONG BEACH
227,64712,64712,300390,HINSON,LONG BEACH,CA,90810,SUBSTATION,IN SERVICE,LOS ANGELES,6037,USA,33.81929087,-118.2224872,221121,ELECTRIC BULK POWER TRANSMISSION AND CONTROL,California Energy Commission http://www.energy.ca.gov/maps/,1475452800000,IMAGERY/OTHER,1475452800000,7,230,66,N,Y,CA-sub-1,C:\2025-2026 Fall\Network science\Project\CA-sub-1.customization|layername=CA-sub-1,230,66,300390,SCE,230,medium,0.15,0.25,0.35,0.7,0.6,0.5,0.4,0.4,0.1,0.2,0.3,0.5,0.6,0.5,0.4,0.4,LOS ANGELES,LONG BEACH
1353,67625,67625,303303,HUGHTRON,TORRANCE,CA,90505,SUBSTATION,IN SERVICE,LOS ANGELES,6037,USA,33.8104568630001,-118.340512,221121,ELECTRIC BULK POWER TRANSMISSION AND CONTROL,California Energy Commission http://www.energy.ca.gov/maps/,1435017600000,IMAGERY/OTHER,1520985600000,1,66,66,N,Y,CA-sub-1,C:\2025-2026 Fall\Network science\Project\CA-sub-1.customization|layername=CA-sub-1,66,66,303303,SCE,66,low,0.15,0.29,0.45,0.9,0.7,0.55,0.45,0.45,0.13,0.26,0.34,0.74,0.65,0.5,0.4,0.4,LOS ANGELES,TORRANCE
323,64949,64949,300627,IMPERIAL TERMINAL TOWER,WEST ATHENS,CA,90047,SUBSTATION,IN SERVICE,LOS ANGELES,6037,USA,33.9264168390001,-118.3096192,221121,ELECTRIC BULK POWER TRANSMISSION AND CONTROL,California Energy Commission http://www.energy.ca.gov/maps/,1435190400000,IMAGERY/OTHER,1435190400000,4,138,138,N,N,CA-sub-1,C:\2025-2026 Fall\Network science\Project\CA-sub-1.customization|layername=CA-sub-1,138,138,300627,LADWP,138,low,0.15,0.29,0.45,0.9,0.7,0.55,0.45,0.45,0.13,0.26,0.34,0.74,0.65,0.5,0.4,0.4,LOS ANGELES,WEST ATHENS
2942,71885,71885,307564,JOSE,AVOCADO HEIGHTS,CA,91746,SUBSTATION,IN SERVICE,LOS ANGELES,6037,USA,34.0370893,-118.0255798,221121,ELECTRIC BULK POWER TRANSMISSION AND CONTROL,California Energy Commission http://www.energy.ca.gov/maps/,1435190400000,IMAGERY/OTHER,1435190400000,0,66,-999999,Y,N,CA-sub-2,C:\2025-2026 Fall\Network science\Project\CA-sub-2.customization|layername=CA-sub-2,66,999999,307564,SCE,66,low,0.15,0.29,0.45,0.9,0.7,0.55,0.45,0.45,0.13,0.26,0.34,0.74,0.65,0.5,0.4,0.4,LOS ANGELES,AVOCADO HEIGHTS
3798,74162,74162,309843,KENTER CANYON,LOS ANGELES,CA,90049,SUBSTATION,IN SERVICE,LOS ANGELES,6037,USA,34.06826245,-118.4884048,221121,ELECTRIC BULK POWER TRANSMISSION AND CONTROL,California Energy Commission http://www.energy.ca.gov/maps/,1433462400000,IMAGERY/OTHER,1433462400000,2,230,230,N,Y,CA-sub-2,C:\2025-2026 Fall\Network science\Project\CA-sub-2.customization|layername=CA-sub-2,230,230,309843,LADWP,230,medium,0.15,0.25,0.35,0.7,0.6,0.5,0.4,0.4,0.1,0.2,0.3,0.5,0.6,0.5,0.4,0.4,LOS ANGELES,LOS ANGELES
2307,70206,70206,305885,LA BREA,VIEW PARK-WINDSOR HILLS,CA,90056,SUBSTATION,IN SERVICE,LOS ANGELES,6037,USA,33.9891771800001,-118.3593178,221121,ELECTRIC BULK POWER TRANSMISSION AND CONTROL,California Energy Commission http://www.energy.ca.gov/maps/,1435190400000,IMAGERY/OTHER,1435190400000,8,138,138,N,Y,CA-sub-2,C:\2025-2026 Fall\Network science\Project\CA-sub-2.customization|layername=CA-sub-2,138,138,305885,LADWP,138,low,0.15,0.29,0.45,0.9,0.7,0.55,0.45,0.45,0.13,0.26,0.34,0.74,0.65,0.5,0.4,0.4,LOS ANGELES,VIEW PARK WINDSOR HILLS
3430,73105,73105,308786,LA CIENEGA,LADERA HEIGHTS,CA,90056,SUBSTATION,IN SERVICE,LOS ANGELES,6037,USA,34.0007949,-118.3784015,221121,ELECTRIC BULK POWER TRANSMISSION AND CONTROL,Southern California Edison http://preview.tinyurl.com/q9vuye2,1433376000000,IMAGERY/OTHER,1433376000000,3,230,66,N,Y,CA-sub-2,C:\2025-2026 Fall\Network science\Project\CA-sub-2.customization|layername=CA-sub-2,230,66,308786,SCE,230,medium,0.15,0.25,0.35,0.7,0.6,0.5,0.4,0.4,0.1,0.2,0.3,0.5,0.6,0.5,0.4,0.4,LOS ANGELES,LADERA HEIGHTS
2653,71165,71165,306844,LA FRESA,TORRANCE,CA,90504,SUBSTATION,IN SERVICE,LOS ANGELES,6037,USA,33.86967226,-118.3331137,221121,ELECTRIC BULK POWER TRANSMISSION AND CONTROL,Southern California Edison http://preview.tinyurl.com/q9vuye2,1474848000000,IMAGERY/OTHER,1474848000000,12,230,66,N,Y,CA-sub-2,C:\2025-2026 Fall\Network science\Project\CA-sub-2.customization|layername=CA-sub-2,230,66,306844,SCE,230,medium,0.15,0.25,0.35,0.7,0.6,0.5,0.4,0.4,0.1,0.2,0.3,0.5,0.6,0.5,0.4,0.4,LOS ANGELES,TORRANCE
2482,70690,70690,306369,LA MIRADA,LA MIRADA,CA,90638,SUBSTATION,NOT AVAILABLE,LOS ANGELES,6037,USA,33.88860495,-118.0144487,221121,ELECTRIC BULK POWER TRANSMISSION AND CONTROL,California Energy Commission http://www.energy.ca.gov/maps/,1435017600000,IMAGERY/OTHER,1520985600000,1,66,66,N,Y,CA-sub-2,C:\2025-2026 Fall\Network science\Project\CA-sub-2.customization|layername=CA-sub-2,66,66,306369,SCE,66,low,0.15,0.29,0.45,0.9,0.7,0.55,0.45,0.45,0.13,0.26,0.34,0.74,0.65,0.5,0.4,0.4,LOS ANGELES,LA MIRADA
2372,70381,70381,306060,LAGUNA BELL,COMMERCE,CA,90040,SUBSTATION,IN SERVICE,LOS ANGELES,6037,USA,33.9760774310001,-118.1477004,221121,ELECTRIC BULK POWER TRANSMISSION AND CONTROL,Southern California Edison http://preview.tinyurl.com/q9vuye2,1474848000000,IMAGERY/OTHER,1474848000000,12,230,66,N,N,CA-sub-2,C:\2025-2026 Fall\Network science\Project\CA-sub-2.customization|layername=CA-sub-2,230,66,306060,SCE,230,medium,0.15,0.25,0.35,0.7,0.6,0.5,0.4,0.4,0.1,0.2,0.3,0.5,0.6,0.5,0.4,0.4,LOS ANGELES,COMMERCE
2426,70545,70545,306224,LAKEWOOD,LONG BEACH,CA,90808,SUBSTATION,IN SERVICE,LOS ANGELES,6037,USA,33.83021436,-118.1248095,221121,ELECTRIC BULK POWER TRANSMISSION AND CONTROL,California Energy Commission http://www.energy.ca.gov/maps/,1435017600000,IMAGERY/OTHER,1435017600000,2,66,66,Y,Y,CA-sub-2,C:\2025-2026 Fall\Network science\Project\CA-sub-2.customization|layername=CA-sub-2,66,66,306224,SCE,66,low,0.15,0.29,0.45,0.9,0.7,0.55,0.45,0.45,0.13,0.26,0.34,0.74,0.65,0.5,0.4,0.4,LOS ANGELES,LONG BEACH
1296,67491,67491,303169,LIGHTPIPE,LONG BEACH,CA,90805,SUBSTATION,IN SERVICE,LOS ANGELES,6037,USA,33.8801807730001,-118.174525,221121,ELECTRIC BULK POWER TRANSMISSION AND CONTROL,California Energy Commission http://www.energy.ca.gov/maps/,1475452800000,IMAGERY/OTHER,1475452800000,9,230,66,N,Y,CA-sub-1,C:\2025-2026 Fall\Network science\Project\CA-sub-1.customization|layername=CA-sub-1,230,66,303169,SCE,230,medium,0.15,0.25,0.35,0.7,0.6,0.5,0.4,0.4,0.1,0.2,0.3,0.5,0.6,0.5,0.4,0.4,LOS ANGELES,LONG BEACH
3326,72860,72860,308540,LONG BEACH,LONG BEACH,CA,90802,SUBSTATION,IN SERVICE,LOS ANGELES,6037,USA,33.76537743,-118.2250973,221121,ELECTRIC BULK POWER TRANSMISSION AND CONTROL,California Energy Commission http://www.energy.ca.gov/maps/,1435536000000,IMAGERY/OTHER,1435536000000,4,230,66,N,Y,CA-sub-2,C:\2025-2026 Fall\Network science\Project\CA-sub-2.customization|layername=CA-sub-2,230,66,308540,SCE,230,medium,0.15,0.25,0.35,0.7,0.6,0.5,0.4,0.4,0.1,0.2,0.3,0.5,0.6,0.5,0.4,0.4,LOS ANGELES,LONG BEACH
665,65863,65863,301541,MESA,MONTEREY PARK,CA,91755,SUBSTATION,IN SERVICE,LOS ANGELES,6037,USA,34.03704643,-118.1103667,221121,ELECTRIC BULK POWER TRANSMISSION AND CONTROL,California Energy Commission http://www.energy.ca.gov/maps/,1433376000000,IMAGERY/OTHER,1433376000000,9,230,66,N,Y,CA-sub-1,C:\2025-2026 Fall\Network science\Project\CA-sub-1.customization|layername=CA-sub-1,230,66,301541,SCE,230,medium,0.15,0.25,0.35,0.7,0.6,0.5,0.4,0.4,0.1,0.2,0.3,0.5,0.6,0.5,0.4,0.4,LOS ANGELES,MONTEREY PARK
3439,73125,73125,308806,MOBILOIL,TORRANCE,CA,90503,SUBSTATION,NOT AVAILABLE,LOS ANGELES,6037,USA,33.85711837,-118.3328799,221121,ELECTRIC BULK POWER TRANSMISSION AND CONTROL,California Energy Commission http://www.energy.ca.gov/maps/,1435536000000,IMAGERY/OTHER,1520985600000,3,66,66,N,Y,CA-sub-2,C:\2025-2026 Fall\Network science\Project\CA-sub-2.customization|layername=CA-sub-2,66,66,308806,SCE,66,low,0.15,0.29,0.45,0.9,0.7,0.55,0.45,0.45,0.13,0.26,0.34,0.74,0.65,0.5,0.4,0.4,LOS ANGELES,TORRANCE
3474,73226,73226,308907,NEWMARK,MONTEREY PARK,CA,91754,SUBSTATION,IN SERVICE,LOS ANGELES,6037,USA,34.04554393,-118.1291645,221121,ELECTRIC BULK POWER TRANSMISSION AND CONTROL,California Energy Commission http://www.energy.ca.gov/maps/,1435017600000,IMAGERY/OTHER,1520985600000,3,66,66,N,Y,CA-sub-2,C:\2025-2026 Fall\Network science\Project\CA-sub-2.customization|layername=CA-sub-2,66,66,308907,SCE,66,low,0.15,0.29,0.45,0.9,0.7,0.55,0.45,0.45,0.13,0.26,0.34,0.74,0.65,0.5,0.4,0.4,LOS ANGELES,MONTEREY PARK
3190,72527,72527,308206,NICHOLS CANYON,LOS ANGELES,CA,90046,SUBSTATION,IN SERVICE,LOS ANGELES,6037,USA,34.1059585250001,-118.358772,221121,ELECTRIC BULK POWER TRANSMISSION AND CONTROL,California Energy Commission http://www.energy.ca.gov/maps/,1479772800000,IMAGERY/OTHER,1479772800000,3,230,138,N,Y,CA-sub-2,C:\2025-2026 Fall\Network science\Project\CA-sub-2.customization|layername=CA-sub-2,230,138,308206,LADWP,230,medium,0.15,0.25,0.35,0.7,0.6,0.5,0.4,0.4,0.1,0.2,0.3,0.5,0.6,0.5,0.4,0.4,LOS ANGELES,LOS ANGELES
656,65839,65839,301517,NOGALES,INDUSTRY,CA,91789,SUBSTATION,IN SERVICE,LOS ANGELES,6037,USA,34.0067483930001,-117.8553004,221121,ELECTRIC BULK POWER TRANSMISSION AND CONTROL,California Energy Commission http://www.energy.ca.gov/maps/,1435017600000,IMAGERY/OTHER,1435017600000,0,66,-999999,Y,N,CA-sub-1,C:\2025-2026 Fall\Network science\Project\CA-sub-1.customization|layername=CA-sub-1,66,999999,301517,SCE,66,low,0.15,0.29,0.45,0.9,0.7,0.55,0.45,0.45,0.13,0.26,0.34,0.74,0.65,0.5,0.4,0.4,LOS ANGELES,INDUSTRY
2450,70600,70600,306279,OLINDA,ROWLAND HEIGHTS,CA,91748,SUBSTATION,IN SERVICE,LOS ANGELES,6037,USA,33.9460605990001,-117.92227,221121,ELECTRIC BULK POWER TRANSMISSION AND CONTROL,Western Electricity Coordinating Council,1479772800000,IMAGERY/OTHER,1479772800000,10,230,66,N,Y,CA-sub-2,C:\2025-2026 Fall\Network science\Project\CA-sub-2.customization|layername=CA-sub-2,230,66,306279,SCE,230,medium,0.15,0.25,0.35,0.7,0.6,0.5,0.4,0.4,0.1,0.2,0.3,0.5,0.6,0.5,0.4,0.4,LOS ANGELES,ROWLAND HEIGHTS
535,65536,65536,301214,OLIVE,LOS ANGELES,CA,91342,SUBSTATION,IN SERVICE,LOS ANGELES,6037,USA,34.31272248,-118.4799659,221121,ELECTRIC BULK POWER TRANSMISSION AND CONTROL,http://www.clui.org/content/receiving-stations-converter-stations-switching-stations-and-other-control-facilities,1433462400000,IMAGERY/OTHER,1433462400000,2,230,230,N,Y,CA-sub-1,C:\2025-2026 Fall\Network science\Project\CA-sub-1.customization|layername=CA-sub-1,230,230,301214,LADWP,230,medium,0.15,0.25,0.35,0.7,0.6,0.5,0.4,0.4,0.1,0.2,0.3,0.5,0.6,0.5,0.4,0.4,LOS ANGELES,LOS ANGELES
235,64730,64730,300408,PUENTE,INDUSTRY,CA,91748,SUBSTATION,IN SERVICE,LOS ANGELES,6037,USA,34.0090391000001,-117.9305028,221121,ELECTRIC BULK POWER TRANSMISSION AND CONTROL,California Energy Commission http://www.energy.ca.gov/maps/,1435017600000,IMAGERY/OTHER,1435017600000,5,66,66,Y,Y,CA-sub-1,C:\2025-2026 Fall\Network science\Project\CA-sub-1.customization|layername=CA-sub-1,66,66,300408,SCE,66,low,0.15,0.29,0.45,0.9,0.7,0.55,0.45,0.45,0.13,0.26,0.34,0.74,0.65,0.5,0.4,0.4,LOS ANGELES,INDUSTRY
694,65936,65936,301614,PULPGEN,VERNON,CA,90058,SUBSTATION,IN SERVICE,LOS ANGELES,6037,USA,33.99796189,-118.2060738,221121,ELECTRIC BULK POWER TRANSMISSION AND CONTROL,California Energy Commission http://www.energy.ca.gov/maps/,1435190400000,IMAGERY/OTHER,1435190400000,3,66,66,N,Y,CA-sub-1,C:\2025-2026 Fall\Network science\Project\CA-sub-1.customization|layername=CA-sub-1,66,66,301614,Other,66,low,0.15,0.29,0.45,0.9,0.7,0.55,0.45,0.45,0.13,0.26,0.34,0.74,0.65,0.5,0.4,0.4,LOS ANGELES,VERNON
1164,67120,67120,302798,REPETTO,MONTEREY PARK,CA,91754,SUBSTATION,IN SERVICE,LOS ANGELES,6037,USA,34.04785348,-118.1621833,221121,ELECTRIC BULK POWER TRANSMISSION AND CONTROL,California Energy Commission http://www.energy.ca.gov/maps/,1435017600000,IMAGERY/OTHER,1520985600000,2,66,66,N,Y,CA-sub-1,C:\2025-2026 Fall\Network science\Project\CA-sub-1.customization|layername=CA-sub-1,66,66,302798,SCE,66,low,0.15,0.29,0.45,0.9,0.7,0.55,0.45,0.45,0.13,0.26,0.34,0.74,0.65,0.5,0.4,0.4,LOS ANGELES,MONTEREY PARK
2985,72014,72014,307693,RINALDI,LOS ANGELES,CA,91344,SUBSTATION,IN SERVICE,LOS ANGELES,6037,USA,34.2805920000001,-118.478304,221121,ELECTRIC BULK POWER TRANSMISSION AND CONTROL,California Environmental Protection Agency http://www.swrcb.ca.gov/water_issues/programs/ocean/cwa316/docs/energy_comp/10yta_2012_5.pdf,1433462400000,IMAGERY/OTHER,1433462400000,16,500,69,N,N,CA-sub-2,C:\2025-2026 Fall\Network science\Project\CA-sub-2.customization|layername=CA-sub-2,500,69,307693,LADWP,500,high,0.11,0.15,0.2,0.47,0.5,0.45,0.35,0.4,0.09,0.13,0.17,0.38,0.5,0.4,0.35,0.35,LOS ANGELES,LOS ANGELES
2345,70305,70305,305984,RIO HONDO,IRWINDALE,CA,91706,SUBSTATION,IN SERVICE,LOS ANGELES,6037,USA,34.1056573990001,-117.9802409,221121,ELECTRIC BULK POWER TRANSMISSION AND CONTROL,California Energy Commission http://www.energy.ca.gov/maps/,1433376000000,IMAGERY/OTHER,1433376000000,8,230,66,N,Y,CA-sub-2,C:\2025-2026 Fall\Network science\Project\CA-sub-2.customization|layername=CA-sub-2,230,66,305984,SCE,230,medium,0.15,0.25,0.35,0.7,0.6,0.5,0.4,0.4,0.1,0.2,0.3,0.5,0.6,0.5,0.4,0.4,LOS ANGELES,IRWINDALE
3525,73361,73361,309042,RIVER,LOS ANGELES,CA,90021,SUBSTATION,IN SERVICE,LOS ANGELES,6037,USA,34.037716,-118.22984,221121,ELECTRIC BULK POWER TRANSMISSION AND CONTROL,California Energy Commission http://www.energy.ca.gov/maps/,1433462400000,IMAGERY/OTHER,1433462400000,9,230,66,N,Y,CA-sub-2,C:\2025-2026 Fall\Network science\Project\CA-sub-2.customization|layername=CA-sub-2,230,66,309042,LADWP,230,medium,0.15,0.25,0.35,0.7,0.6,0.5,0.4,0.4,0.1,0.2,0.3,0.5,0.6,0.5,0.4,0.4,LOS ANGELES,LOS ANGELES
2938,71878,71878,307557,ROSECRANS,EL SEGUNDO,CA,90245,SUBSTATION,IN SERVICE,LOS ANGELES,6037,USA,33.9035677410001,-118.3979126,221121,ELECTRIC BULK POWER TRANSMISSION AND CONTROL,California Energy Commission http://www.energy.ca.gov/maps/,1435190400000,IMAGERY/OTHER,1520985600000,1,66,66,N,Y,CA-sub-2,C:\2025-2026 Fall\Network science\Project\CA-sub-2.customization|layername=CA-sub-2,66,66,307557,SCE,66,low,0.15,0.29,0.45,0.9,0.7,0.55,0.45,0.45,0.13,0.26,0.34,0.74,0.65,0.5,0.4,0.4,LOS ANGELES,EL SEGUNDO
334,64970,64970,300648,ROSEMEAD,ROSEMEAD,CA,91770,SUBSTATION,IN SERVICE,LOS ANGELES,6037,USA,34.09212924,-118.0826409,221121,ELECTRIC BULK POWER TRANSMISSION AND CONTROL,California Energy Commission http://www.energy.ca.gov/maps/,1435536000000,IMAGERY/OTHER,1435536000000,4,66,66,Y,Y,CA-sub-1,C:\2025-2026 Fall\Network science\Project\CA-sub-1.customization|layername=CA-sub-1,66,66,300648,SCE,66,low,0.15,0.29,0.45,0.9,0.7,0.55,0.45,0.45,0.13,0.26,0.34,0.74,0.65,0.5,0.4,0.4,LOS ANGELES,ROSEMEAD
701,65958,65958,301636,SAN FERNANDO,LOS ANGELES,CA,91345,SUBSTATION,NOT AVAILABLE,LOS ANGELES,6037,USA,34.2735632820001,-118.458755,221121,ELECTRIC BULK POWER TRANSMISSION AND CONTROL,California Energy Commission http://www.energy.ca.gov/maps/,1435017600000,IMAGERY/OTHER,1435017600000,1,66,66,Y,Y,CA-sub-1,C:\2025-2026 Fall\Network science\Project\CA-sub-1.customization|layername=CA-sub-1,66,66,301636,SCE,66,low,0.15,0.29,0.45,0.9,0.7,0.55,0.45,0.45,0.13,0.26,0.34,0.74,0.65,0.5,0.4,0.4,LOS ANGELES,LOS ANGELES
904,66493,66493,302171,SAWTELLE,LOS ANGELES,CA,90025,SUBSTATION,IN SERVICE,LOS ANGELES,6037,USA,34.04740878,-118.4522527,221121,ELECTRIC BULK POWER TRANSMISSION AND CONTROL,California Energy Commission http://www.energy.ca.gov/maps/,1435017600000,IMAGERY/OTHER,1520985600000,2,66,66,N,Y,CA-sub-1,C:\2025-2026 Fall\Network science\Project\CA-sub-1.customization|layername=CA-sub-1,66,66,302171,SCE,66,low,0.15,0.29,0.45,0.9,0.7,0.55,0.45,0.45,0.13,0.26,0.34,0.74,0.65,0.5,0.4,0.4,LOS ANGELES,LOS ANGELES
666,65865,65865,301543,SEPLUVEDA,EL SEGUNDO,CA,90245,SUBSTATION,IN SERVICE,LOS ANGELES,6037,USA,33.91902035,-118.3967065,221121,ELECTRIC BULK POWER TRANSMISSION AND CONTROL,California Energy Commission http://www.energy.ca.gov/maps/,1435017600000,IMAGERY/OTHER,1435017600000,0,66,-999999,Y,N,CA-sub-1,C:\2025-2026 Fall\Network science\Project\CA-sub-1.customization|layername=CA-sub-1,66,999999,301543,SCE,66,low,0.15,0.29,0.45,0.9,0.7,0.55,0.45,0.45,0.13,0.26,0.34,0.74,0.65,0.5,0.4,0.4,LOS ANGELES,EL SEGUNDO
2515,70765,70765,306444,STANHILL,LADERA HEIGHTS,CA,90056,SUBSTATION,NOT AVAILABLE,LOS ANGELES,6037,USA,34.00046933,-118.3736821,221121,ELECTRIC BULK POWER TRANSMISSION AND CONTROL,California Energy Commission http://www.energy.ca.gov/maps/,1435190400000,IMAGERY/OTHER,1520985600000,0,66,-999999,N,N,CA-sub-2,C:\2025-2026 Fall\Network science\Project\CA-sub-2.customization|layername=CA-sub-2,66,999999,306444,SCE,66,low,0.15,0.29,0.45,0.9,0.7,0.55,0.45,0.45,0.13,0.26,0.34,0.74,0.65,0.5,0.4,0.4,LOS ANGELES,LADERA HEIGHTS
4062,74845,74845,310527,STATION A (ST. JOHN),LOS ANGELES,CA,90012,SUBSTATION,IN SERVICE,LOS ANGELES,6037,USA,34.06701,-118.2261,221121,ELECTRIC BULK POWER TRANSMISSION AND CONTROL,California Energy Commission http://www.energy.ca.gov/maps/,1433462400000,IMAGERY/OTHER,1433462400000,5,230,66,N,Y,CA-sub-3,C:\2025-2026 Fall\Network science\Project\CA-sub-3.customization|layername=CA-sub-3,230,66,310527,LADWP,230,medium,0.15,0.25,0.35,0.7,0.6,0.5,0.4,0.4,0.1,0.2,0.3,0.5,0.6,0.5,0.4,0.4,LOS ANGELES,LOS ANGELES
1643,68395,68395,304073,STATION B (CENTURY),LOS ANGELES,CA,90002,SUBSTATION,IN SERVICE,LOS ANGELES,6037,USA,33.94797761,-118.2549111,221121,ELECTRIC BULK POWER TRANSMISSION AND CONTROL,California Energy Commission http://www.energy.ca.gov/maps/,1433376000000,IMAGERY/OTHER,1433376000000,8,230,138,N,N,CA-sub-1,C:\2025-2026 Fall\Network science\Project\CA-sub-1.customization|layername=CA-sub-1,230,138,304073,LADWP,230,medium,0.15,0.25,0.35,0.7,0.6,0.5,0.4,0.4,0.1,0.2,0.3,0.5,0.6,0.5,0.4,0.4,LOS ANGELES,LOS ANGELES
1268,67421,67421,303099,STATION D (FAIRFAX),LOS ANGELES,CA,90034,SUBSTATION,IN SERVICE,LOS ANGELES,6037,USA,34.0380813470001,-118.3708133,221121,ELECTRIC BULK POWER TRANSMISSION AND CONTROL,California Energy Commission http://www.energy.ca.gov/maps/,1435190400000,IMAGERY/OTHER,1435190400000,8,138,138,N,N,CA-sub-1,C:\2025-2026 Fall\Network science\Project\CA-sub-1.customization|layername=CA-sub-1,138,138,303099,LADWP,138,low,0.15,0.29,0.45,0.9,0.7,0.55,0.45,0.45,0.13,0.26,0.34,0.74,0.65,0.5,0.4,0.4,LOS ANGELES,LOS ANGELES
242,64751,64751,300429,STATION E (TOLUCA),LOS ANGELES,CA,91601,SUBSTATION,IN SERVICE,LOS ANGELES,6037,USA,34.17619826,-118.3596448,221121,ELECTRIC BULK POWER TRANSMISSION AND CONTROL,Southern California Edison http://preview.tinyurl.com/q9vuye2,1433462400000,IMAGERY/OTHER,1433462400000,15,500,66,N,N,CA-sub-1,C:\2025-2026 Fall\Network science\Project\CA-sub-1.customization|layername=CA-sub-1,500,66,300429,LADWP,500,high,0.11,0.15,0.2,0.47,0.5,0.45,0.35,0.4,0.09,0.13,0.17,0.38,0.5,0.4,0.35,0.35,LOS ANGELES,LOS ANGELES
3221,72590,72590,308269,STATION F (VELASCO & KINETIC),LOS ANGELES,CA,90023,SUBSTATION,IN SERVICE,LOS ANGELES,6037,USA,34.01532207,-118.2039437,221121,ELECTRIC BULK POWER TRANSMISSION AND CONTROL,California Energy Commission http://www.energy.ca.gov/maps/,1433462400000,IMAGERY/OTHER,1433462400000,7,230,66,N,Y,CA-sub-2,C:\2025-2026 Fall\Network science\Project\CA-sub-2.customization|layername=CA-sub-2,230,66,308269,LADWP,230,medium,0.15,0.25,0.35,0.7,0.6,0.5,0.4,0.4,0.1,0.2,0.3,0.5,0.6,0.5,0.4,0.4,LOS ANGELES,LOS ANGELES
528,65516,65516,301194,STATION G (ATWATER),LOS ANGELES,CA,90039,SUBSTATION,IN SERVICE,LOS ANGELES,6037,USA,34.1093400830001,-118.2544222,221121,ELECTRIC BULK POWER TRANSMISSION AND CONTROL,California Energy Commission http://www.energy.ca.gov/maps/,1433462400000,IMAGERY/OTHER,1433462400000,8,230,66,N,Y,CA-sub-1,C:\2025-2026 Fall\Network science\Project\CA-sub-1.customization|layername=CA-sub-1,230,66,301194,LADWP,230,medium,0.15,0.25,0.35,0.7,0.6,0.5,0.4,0.4,0.1,0.2,0.3,0.5,0.6,0.5,0.4,0.4,LOS ANGELES,LOS ANGELES
1572,68221,68221,303899,STATION H (HOLLYWOOD),LOS ANGELES,CA,90046,SUBSTATION,IN SERVICE,LOS ANGELES,6037,USA,34.0881192410001,-118.3469878,221121,ELECTRIC BULK POWER TRANSMISSION AND CONTROL,California Energy Commission http://www.energy.ca.gov/maps/,1433462400000,IMAGERY/OTHER,1433462400000,4,230,138,N,N,CA-sub-1,C:\2025-2026 Fall\Network science\Project\CA-sub-1.customization|layername=CA-sub-1,230,138,303899,LADWP,230,medium,0.15,0.25,0.35,0.7,0.6,0.5,0.4,0.4,0.1,0.2,0.3,0.5,0.6,0.5,0.4,0.4,LOS ANGELES,LOS ANGELES
271,64815,64815,300493,STATION J,LOS ANGELES,CA,91324,SUBSTATION,IN SERVICE,LOS ANGELES,6037,USA,34.2292951100001,-118.5434782,221121,ELECTRIC BULK POWER TRANSMISSION AND CONTROL,California Energy Commission http://www.energy.ca.gov/maps/,1433462400000,IMAGERY/OTHER,1433462400000,4,230,230,N,Y,CA-sub-1,C:\2025-2026 Fall\Network science\Project\CA-sub-1.customization|layername=CA-sub-1,230,230,300493,LADWP,230,medium,0.15,0.25,0.35,0.7,0.6,0.5,0.4,0.4,0.1,0.2,0.3,0.5,0.6,0.5,0.4,0.4,LOS ANGELES,LOS ANGELES
498,65427,65427,301105,STATION K (OLYMPIC),LOS ANGELES,CA,90025,SUBSTATION,IN SERVICE,LOS ANGELES,6037,USA,34.0331442630001,-118.4600055,221121,ELECTRIC BULK POWER TRANSMISSION AND CONTROL,California Energy Commission http://www.energy.ca.gov/maps/,1433462400000,IMAGERY/OTHER,1433462400000,8,230,66,N,Y,CA-sub-1,C:\2025-2026 Fall\Network science\Project\CA-sub-1.customization|layername=CA-sub-1,230,66,301105,LADWP,230,medium,0.15,0.25,0.35,0.7,0.6,0.5,0.4,0.4,0.1,0.2,0.3,0.5,0.6,0.5,0.4,0.4,LOS ANGELES,LOS ANGELES
3702,73872,73872,309553,STATION L (SCATTERGOOD),LOS ANGELES,CA,90293,SUBSTATION,IN SERVICE,LOS ANGELES,6037,USA,33.919,-118.425293,221121,ELECTRIC BULK POWER TRANSMISSION AND CONTROL,California Energy Commission http://www.energy.ca.gov/maps/,1433462400000,IMAGERY/OTHER,1433462400000,2,230,138,N,Y,CA-sub-2,C:\2025-2026 Fall\Network science\Project\CA-sub-2.customization|layername=CA-sub-2,230,138,309553,LADWP,230,medium,0.15,0.25,0.35,0.7,0.6,0.5,0.4,0.4,0.1,0.2,0.3,0.5,0.6,0.5,0.4,0.4,LOS ANGELES,LOS ANGELES
3708,73888,73888,309569,STATION M(VALLEY),LOS ANGELES,CA,91352,SUBSTATION,IN SERVICE,LOS ANGELES,6037,USA,34.24329813,-118.3918025,221121,ELECTRIC BULK POWER TRANSMISSION AND CONTROL,California Energy Commission http://www.energy.ca.gov/maps/,1433462400000,IMAGERY/OTHER,1433462400000,7,230,66,N,Y,CA-sub-2,C:\2025-2026 Fall\Network science\Project\CA-sub-2.customization|layername=CA-sub-2,230,66,309569,LADWP,230,medium,0.15,0.25,0.35,0.7,0.6,0.5,0.4,0.4,0.1,0.2,0.3,0.5,0.6,0.5,0.4,0.4,LOS ANGELES,LOS ANGELES
702,65959,65959,301637,STATION N (AIRPORT),LOS ANGELES,CA,90045,SUBSTATION,IN SERVICE,LOS ANGELES,6037,USA,33.962,-118.376219,221121,ELECTRIC BULK POWER TRANSMISSION AND CONTROL,California Energy Commission http://www.energy.ca.gov/maps/,1435190400000,IMAGERY/OTHER,1435190400000,4,138,138,N,Y,CA-sub-1,C:\2025-2026 Fall\Network science\Project\CA-sub-1.customization|layername=CA-sub-1,138,138,301637,LADWP,138,low,0.15,0.29,0.45,0.9,0.7,0.55,0.45,0.45,0.13,0.26,0.34,0.74,0.65,0.5,0.4,0.4,LOS ANGELES,LOS ANGELES
3346,72901,72901,308581,STATION Q (HARBOR),LOS ANGELES,CA,90744,SUBSTATION,IN SERVICE,LOS ANGELES,6037,USA,33.7704535940001,-118.264895,221121,ELECTRIC BULK POWER TRANSMISSION AND CONTROL,California Energy Commission http://www.energy.ca.gov/maps/,1435536000000,IMAGERY/OTHER,1435536000000,3,138,138,Y,Y,CA-sub-2,C:\2025-2026 Fall\Network science\Project\CA-sub-2.customization|layername=CA-sub-2,138,138,308581,LADWP,138,low,0.15,0.29,0.45,0.9,0.7,0.55,0.45,0.45,0.13,0.26,0.34,0.74,0.65,0.5,0.4,0.4,LOS ANGELES,LOS ANGELES
3507,73310,73310,308991,STATION T,LOS ANGELES,CA,91303,SUBSTATION,IN SERVICE,LOS ANGELES,6037,USA,34.1894990280001,-118.5918789,221121,ELECTRIC BULK POWER TRANSMISSION AND CONTROL,California Energy Commission http://www.energy.ca.gov/maps/,1433462400000,IMAGERY/OTHER,1433462400000,3,230,230,N,Y,CA-sub-2,C:\2025-2026 Fall\Network science\Project\CA-sub-2.customization|layername=CA-sub-2,230,230,308991,LADWP,230,medium,0.15,0.25,0.35,0.7,0.6,0.5,0.4,0.4,0.1,0.2,0.3,0.5,0.6,0.5,0.4,0.4,LOS ANGELES,LOS ANGELES
2532,70810,70810,306489,SYLMAR EAST,LOS ANGELES,CA,91342,SUBSTATION,IN SERVICE,LOS ANGELES,6037,USA,34.3125282570001,-118.4811313,221121,ELECTRIC BULK POWER TRANSMISSION AND CONTROL,California Energy Commission http://www.energy.ca.gov/maps/,1433462400000,IMAGERY/OTHER,1433462400000,1,230,69,N,N,CA-sub-2,C:\2025-2026 Fall\Network science\Project\CA-sub-2.customization|layername=CA-sub-2,230,69,306489,LADWP,230,medium,0.15,0.25,0.35,0.7,0.6,0.5,0.4,0.4,0.1,0.2,0.3,0.5,0.6,0.5,0.4,0.4,LOS ANGELES,LOS ANGELES
3934,74518,74518,310199,SYLMAR WEST,LOS ANGELES,CA,91344,SUBSTATION,IN SERVICE,LOS ANGELES,6037,USA,34.3110069570001,-118.4893478,221121,ELECTRIC BULK POWER TRANSMISSION AND CONTROL,California Energy Commission http://www.energy.ca.gov/maps/,1433462400000,IMAGERY/OTHER,1433462400000,11,230,69,N,N,CA-sub-2,C:\2025-2026 Fall\Network science\Project\CA-sub-2.customization|layername=CA-sub-2,230,69,310199,LADWP,230,medium,0.15,0.25,0.35,0.7,0.6,0.5,0.4,0.4,0.1,0.2,0.3,0.5,0.6,0.5,0.4,0.4,LOS ANGELES,LOS ANGELES
3733,73982,73982,309663,TAHITI,MARINA DEL REY,CA,90292,SUBSTATION,IN SERVICE,LOS ANGELES,6037,USA,33.9777641590001,-118.4369318,221121,ELECTRIC BULK POWER TRANSMISSION AND CONTROL,California Energy Commission http://www.energy.ca.gov/maps/,1435190400000,IMAGERY/OTHER,1511740800000,1,230,66,Y,Y,CA-sub-2,C:\2025-2026 Fall\Network science\Project\CA-sub-2.customization|layername=CA-sub-2,230,66,309663,SCE,230,medium,0.15,0.25,0.35,0.7,0.6,0.5,0.4,0.4,0.1,0.2,0.3,0.5,0.6,0.5,0.4,0.4,LOS ANGELES,MARINA DEL REY
1478,67942,67942,303620,TARZANA(STATION U),LOS ANGELES,CA,91356,SUBSTATION,IN SERVICE,LOS ANGELES,6037,USA,34.1793531860001,-118.5436866,221121,ELECTRIC BULK POWER TRANSMISSION AND CONTROL,California Energy Commission http://www.energy.ca.gov/maps/,1433462400000,IMAGERY/OTHER,1433462400000,7,230,230,N,N,CA-sub-1,C:\2025-2026 Fall\Network science\Project\CA-sub-1.customization|layername=CA-sub-1,230,230,303620,LADWP,230,medium,0.15,0.25,0.35,0.7,0.6,0.5,0.4,0.4,0.1,0.2,0.3,0.5,0.6,0.5,0.4,0.4,LOS ANGELES,LOS ANGELES
2265,70101,70101,305780,THERMAS,EL SEGUNDO,CA,90245,SUBSTATION,NOT AVAILABLE,LOS ANGELES,6037,USA,33.91599584,-118.4096749,221121,ELECTRIC BULK POWER TRANSMISSION AND CONTROL,California Energy Commission http://www.energy.ca.gov/maps/,1435017600000,IMAGERY/OTHER,1435017600000,0,66,-999999,Y,N,CA-sub-2,C:\2025-2026 Fall\Network science\Project\CA-sub-2.customization|layername=CA-sub-2,66,999999,305780,SCE,66,low,0.15,0.29,0.45,0.9,0.7,0.55,0.45,0.45,0.13,0.26,0.34,0.74,0.65,0.5,0.4,0.4,LOS ANGELES,EL SEGUNDO
3300,72792,72792,308471,TORRANCE,TORRANCE,CA,90503,SUBSTATION,IN SERVICE,LOS ANGELES,6037,USA,33.8297364410001,-118.3444471,221121,ELECTRIC BULK POWER TRANSMISSION AND CONTROL,California Energy Commission http://www.energy.ca.gov/maps/,1435017600000,IMAGERY/OTHER,1435017600000,2,66,66,Y,Y,CA-sub-2,C:\2025-2026 Fall\Network science\Project\CA-sub-2.customization|layername=CA-sub-2,66,66,308471,SCE,66,low,0.15,0.29,0.45,0.9,0.7,0.55,0.45,0.45,0.13,0.26,0.34,0.74,0.65,0.5,0.4,0.4,LOS ANGELES,TORRANCE
948,66619,66619,302297,TRISONIC,EL SEGUNDO,CA,90245,SUBSTATION,IN SERVICE,LOS ANGELES,6037,USA,33.9212974610001,-118.385597,221121,ELECTRIC BULK POWER TRANSMISSION AND CONTROL,California Energy Commission http://www.energy.ca.gov/maps/,1435017600000,IMAGERY/OTHER,1435017600000,1,66,66,Y,Y,CA-sub-1,C:\2025-2026 Fall\Network science\Project\CA-sub-1.customization|layername=CA-sub-1,66,66,302297,SCE,66,low,0.15,0.29,0.45,0.9,0.7,0.55,0.45,0.45,0.13,0.26,0.34,0.74,0.65,0.5,0.4,0.4,LOS ANGELES,EL SEGUNDO
496,65422,65422,301100,UNKNOWN301100,LOS ANGELES,CA,90045,SUBSTATION,IN SERVICE,LOS ANGELES,6037,USA,33.93161755,-118.4260013,221121,ELECTRIC BULK POWER TRANSMISSION AND CONTROL,California Energy Commission http://www.energy.ca.gov/maps/,1435190400000,IMAGERY/OTHER,1435190400000,1,230,66,Y,Y,CA-sub-1,C:\2025-2026 Fall\Network science\Project\CA-sub-1.customization|layername=CA-sub-1,230,66,301100,LADWP,230,medium,0.15,0.25,0.35,0.7,0.6,0.5,0.4,0.4,0.1,0.2,0.3,0.5,0.6,0.5,0.4,0.4,LOS ANGELES,LOS ANGELES
1203,67245,67245,302923,UNKNOWN302923,EL SEGUNDO,CA,90245,SUBSTATION,IN SERVICE,LOS ANGELES,6037,USA,33.9093328210001,-118.4115657,221121,ELECTRIC BULK POWER TRANSMISSION AND CONTROL,California Energy Commission http://www.energy.ca.gov/maps/,1435017600000,IMAGERY/OTHER,1435017600000,1,66,66,Y,Y,CA-sub-1,C:\2025-2026 Fall\Network science\Project\CA-sub-1.customization|layername=CA-sub-1,66,66,302923,SCE,66,low,0.15,0.29,0.45,0.9,0.7,0.55,0.45,0.45,0.13,0.26,0.34,0.74,0.65,0.5,0.4,0.4,LOS ANGELES,EL SEGUNDO
2625,71089,71089,306768,UNKNOWN306768,LOS ANGELES,CA,90068,SUBSTATION,NOT AVAILABLE,LOS ANGELES,6037,USA,34.12370611,-118.3370583,221121,ELECTRIC BULK POWER TRANSMISSION AND CONTROL,California Energy Commission http://www.energy.ca.gov/maps/,1435017600000,IMAGERY/OTHER,1435017600000,0,230,-999999,Y,N,CA-sub-2,C:\2025-2026 Fall\Network science\Project\CA-sub-2.customization|layername=CA-sub-2,230,999999,306768,,230,medium,0.15,0.25,0.35,0.7,0.6,0.5,0.4,0.4,0.1,0.2,0.3,0.5,0.6,0.5,0.4,0.4,LOS ANGELES,LOS ANGELES
3037,72153,72153,307832,UNKNOWN307832,MANHATTAN BEACH,CA,90266,SUBSTATION,NOT AVAILABLE,LOS ANGELES,6037,USA,33.8992081870001,-118.384577,221121,ELECTRIC BULK POWER TRANSMISSION AND CONTROL,California Energy Commission http://www.energy.ca.gov/maps/,1435190400000,IMAGERY/OTHER,1435190400000,0,230,-999999,Y,N,CA-sub-2,C:\2025-2026 Fall\Network science\Project\CA-sub-2.customization|layername=CA-sub-2,230,999999,307832,SCE,230,medium,0.15,0.25,0.35,0.7,0.6,0.5,0.4,0.4,0.1,0.2,0.3,0.5,0.6,0.5,0.4,0.4,LOS ANGELES,MANHATTAN BEACH
2517,70771,70771,306450,VERNON,VERNON,CA,90058,SUBSTATION,IN SERVICE,LOS ANGELES,6037,USA,33.9984353900001,-118.2201568,221121,ELECTRIC BULK POWER TRANSMISSION AND CONTROL,Southern California Edison http://preview.tinyurl.com/q9vuye2,1435190400000,IMAGERY/OTHER,1435190400000,3,66,66,Y,Y,CA-sub-2,C:\2025-2026 Fall\Network science\Project\CA-sub-2.customization|layername=CA-sub-2,66,66,306450,Other,66,low,0.15,0.29,0.45,0.9,0.7,0.55,0.45,0.45,0.13,0.26,0.34,0.74,0.65,0.5,0.4,0.4,LOS ANGELES,VERNON
3020,72106,72106,307785,WABASH,EAST LOS ANGELES,CA,90063,SUBSTATION,IN SERVICE,LOS ANGELES,6037,USA,34.0450670390001,-118.1864063,221121,ELECTRIC BULK POWER TRANSMISSION AND CONTROL,California Energy Commission http://www.energy.ca.gov/maps/,1435017600000,IMAGERY/OTHER,1435017600000,4,69,66,N,Y,CA-sub-2,C:\2025-2026 Fall\Network science\Project\CA-sub-2.customization|layername=CA-sub-2,69,66,307785,SCE,69,low,0.15,0.29,0.45,0.9,0.7,0.55,0.45,0.45,0.13,0.26,0.34,0.74,0.65,0.5,0.4,0.4,LOS ANGELES,EAST LOS ANGELES
112,64428,64428,300105,WALNUT,INDUSTRY,CA,91745,SUBSTATION,IN SERVICE,LOS ANGELES,6037,USA,34.00812595,-117.9498067,221121,ELECTRIC BULK POWER TRANSMISSION AND CONTROL,Southern California Edison http://preview.tinyurl.com/q9vuye2,1433376000000,IMAGERY/OTHER,1433376000000,5,230,66,N,N,CA-sub-1,C:\2025-2026 Fall\Network science\Project\CA-sub-1.customization|layername=CA-sub-1,230,66,300105,SCE,230,medium,0.15,0.25,0.35,0.7,0.6,0.5,0.4,0.4,0.1,0.2,0.3,0.5,0.6,0.5,0.4,0.4,LOS ANGELES,INDUSTRY
3923,74498,74498,310179,WILMINGTON (STATION C),LOS ANGELES,CA,90744,SUBSTATION,IN SERVICE,LOS ANGELES,6037,USA,33.7980000000001,-118.257816,221121,ELECTRIC BULK POWER TRANSMISSION AND CONTROL,Open Access Technology International http://www.oatioasis.com/LDWP/LDWPdocs/2007_Ten-Year_Transmission_Assessment.pdf,1435536000000,IMAGERY/OTHER,1435536000000,8,138,138,N,N,CA-sub-2,C:\2025-2026 Fall\Network science\Project\CA-sub-2.customization|layername=CA-sub-2,138,138,310179,LADWP,138,low,0.15,0.29,0.45,0.9,0.7,0.55,0.45,0.45,0.13,0.26,0.34,0.74,0.65,0.5,0.4,0.4,LOS ANGELES,LOS ANGELES
744,66067,66067,301745,WINDSOR HILLS,VIEW PARK-WINDSOR HILLS,CA,90056,SUBSTATION,NOT AVAILABLE,LOS ANGELES,6037,USA,33.9959809710001,-118.3592585,221121,ELECTRIC BULK POWER TRANSMISSION AND CONTROL,California Energy Commission http://www.energy.ca.gov/maps/,1435190400000,IMAGERY/OTHER,1520985600000,0,66,-999999,N,N,CA-sub-1,C:\2025-2026 Fall\Network science\Project\CA-sub-1.customization|layername=CA-sub-1,66,999999,301745,SCE,66,low,0.15,0.29,0.45,0.9,0.7,0.55,0.45,0.45,0.13,0.26,0.34,0.74,0.65,0.5,0.4,0.4,LOS ANGELES,VIEW PARK WINDSOR HILLS
3768,74077,74077,309758,YUKON,HAWTHORNE,CA,90250,SUBSTATION,IN SERVICE,LOS ANGELES,6037,USA,33.9188036130001,-118.3346649,221121,ELECTRIC BULK POWER TRANSMISSION AND CONTROL,California Energy Commission http://www.energy.ca.gov/maps/,1435017600000,IMAGERY/OTHER,1520985600000,5,66,66,N,Y,CA-sub-2,C:\2025-2026 Fall\Network science\Project\CA-sub-2.customization|layername=CA-sub-2,66,66,309758,SCE,66,low,0.15,0.29,0.45,0.9,0.7,0.55,0.45,0.45,0.13,0.26,0.34,0.74,0.65,0.5,0.4,0.4,LOS ANGELES,HAWTHORNE
